"id","created_at","plan"
"1ffcffe0-b4cf-4451-801a-930c1f5d0627","2024-02-19 12:54:26","free"
"fdabc6e9-3555-4641-801c-3da09f4c76a7","2024-01-08 14:17:52","free"
"28fbbb64-9ed7-4281-807b-7ff33daa39a9","2024-01-07 21:34:38","free"
"78c14eb7-8a6c-44db-8089-4218f1b159f9","2024-01-06 21:31:28","free"
"b34032a4-2054-44dd-8091-c131e1d41111","2024-01-12 20:25:35","free"
"9f88b7ed-2212-4b60-809e-86b91cf2b1ff","2024-02-10 16:20:20","free"
"de9c3837-1e58-486c-80b0-f9245ad8b1ed","2024-02-16 11:55:00","free"
"8fd3ce99-9798-434e-80d6-1844f6903a19","2024-01-01 07:45:02","payg"
"5862dc24-6773-4fe1-80e5-0e729dbb071d","2024-02-25 19:48:19","free"
"7d12d07e-bebb-4d2d-80f0-73d138dd70ec","2024-01-14 07:00:35","free"
"99dc3345-ea33-47f2-8103-73c7ea8eb22d","2024-02-04 12:54:12","free"
"b4401b16-c6b3-4854-810c-a8f7a1bbc674","2024-01-17 15:24:57","payg"
"9673bb2e-aa8d-44f7-812b-8e8536e23b60","2024-01-04 16:27:39","free"
"ccb6307b-231a-4b82-8134-2531b92e6d48","2024-01-25 04:44:36","free"
"e44ac9e0-39c9-4664-8160-70d775189952","2024-02-09 00:33:06","free"
"fea61d28-9ecf-4190-8165-c9d3793af2e3","2024-02-05 09:23:07","payg"
"5c2c42da-035b-449c-816b-d0dbb79c3a4f","2024-02-22 08:20:31","payg"
"439c52d2-b2bf-4df6-816e-33068756316a","2024-02-08 15:25:30","enterprise"
"69d5468f-2ae8-4ab0-817c-b38187246b7d","2024-01-22 02:03:33","free"
"9b2b1f3c-1ce1-4a4b-818a-335c73da1aca","2024-02-20 11:23:30","enterprise"
"a3589807-ce0f-49e6-818d-2dd59398e0e5","2024-01-29 11:01:49","enterprise"
"1459271f-ba96-416e-81d5-8b57449e049f","2024-02-09 14:32:05","free"
"070fe2e9-6778-4af8-81de-1de442a6d888","2024-02-04 03:33:35","payg"
"fd4e75e2-dbe6-4cd4-81f4-85bf82b3cf31","2024-01-06 03:47:42","payg"
"85f42e75-e047-4176-81f5-1a4b77307095","2024-01-30 20:08:49","free"
"077e08df-b533-49b7-8209-07dd02f92af6","2024-01-13 05:15:33","enterprise"
"35d8738e-7f2d-4709-8227-176c08d22c79","2024-02-08 23:51:40","enterprise"
"0d2fcf76-3451-4a0d-822b-c46941632dbb","2024-02-04 15:49:28","payg"
"8444917f-42ef-4c29-822b-ca27e0f7685f","2024-02-04 15:38:57","enterprise"
"a4576f51-a608-44b2-824d-9f5ab16a9de5","2024-01-24 05:21:54","payg"
"ba86fb74-6350-473d-8254-11c99c117ed7","2024-02-18 19:29:22","free"
"5cdacc84-6b16-41d5-8260-3d4eb7421eb3","2024-02-10 01:33:38","free"
"afa9ae37-3294-4a43-8264-ce9d846ed7ce","2024-01-06 21:11:02","free"
"73c03098-d7bf-4a7b-826f-550ede294709","2024-02-16 01:34:56","free"
"3db9c95d-8a98-4619-826f-99c36c2ea7d7","2024-01-14 09:14:22","free"
"8d411e43-c031-4cf1-8291-60a2d81114b6","2024-01-30 07:49:52","free"
"6ae7cf6a-785a-4fa2-829a-7964231003b3","2024-01-17 09:44:08","free"
"dff19691-170c-4fa4-82aa-70aa216dbf70","2024-02-22 22:27:19","free"
"fec824cc-8873-4aad-82ac-3311a79fb90f","2024-01-17 04:05:44","free"
"a012c046-f270-4a40-82ca-fec5b1bac540","2024-01-27 23:01:58","enterprise"
"c6804b00-0e5a-4ac9-82d4-b54595204129","2024-01-18 03:01:32","free"
"74ae4fc9-9f05-4c8b-82e8-acb1fc4c5031","2024-02-16 15:16:22","enterprise"
"c70cd219-8c9c-49f7-8309-ce20f31c7518","2024-01-22 03:40:48","enterprise"
"7d5cc242-e571-4a79-830c-5960cafef45c","2024-01-09 05:41:35","enterprise"
"2fa4342a-ded6-48a6-830e-2bc4039fb861","2024-01-05 16:40:20","free"
"fa2badac-887d-4a9c-8328-c8fc415ed631","2024-01-03 15:17:29","free"
"15e1c374-f7a6-49f0-8339-04316685fe00","2024-02-10 17:31:52","free"
"d60ed8fd-b015-4110-8344-0d10ba60684f","2024-01-27 04:59:44","enterprise"
"d337aaac-b6d1-42e5-8348-e02cde2ac447","2024-01-15 11:48:56","payg"
"1cc2a5b2-d4cc-4ac1-8383-eafe9d5c5233","2024-01-25 08:03:41","free"
"e8c7c22e-fa37-4af4-83bd-7e524b86690b","2024-01-04 13:54:44","free"
"7f7647ea-96b5-43c1-83c6-90925f3c285f","2024-02-02 06:43:12","payg"
"0bb278b2-2d0d-446f-83e6-f8f7b4f6319a","2024-01-21 02:48:12","payg"
"0d7db1cd-8c9f-4b3b-83fc-14ac82b26807","2024-02-18 14:48:07","free"
"3ac50346-6d62-47b4-840a-181b39408932","2024-01-01 22:40:15","enterprise"
"03e24a17-35e9-4387-840d-1b9f82109400","2024-02-01 17:44:40","free"
"35d0f010-c1e1-4c75-8410-6c7886302899","2024-01-09 14:53:11","enterprise"
"b919ac92-ed76-4a0e-8427-63009d694e4f","2024-01-26 19:28:30","enterprise"
"891ec76d-c725-4964-844b-299a435bf396","2024-01-15 09:07:57","free"
"538efe10-df74-4895-8453-2abed34e6469","2024-01-08 21:54:52","enterprise"
"6747cd47-f9b9-48a6-8464-5c3e31d65a9c","2024-02-05 06:28:26","free"
"df3a414b-6331-46a0-8464-ab5cfbb6c23a","2024-02-26 05:59:48","enterprise"
"7e9fa4bd-c247-412a-847e-d99661bbfebb","2024-01-10 13:21:47","payg"
"aad47733-c282-4e2c-848d-725626fd6171","2024-01-02 23:30:39","payg"
"fff7186f-b8b6-481c-848f-109c3d0f794f","2024-02-17 22:36:45","payg"
"bac11ef7-0871-49b5-84a6-bf1d6eedfffb","2024-01-03 14:01:02","free"
"bb0f9536-88f2-4be2-84a8-789dbe4b722c","2024-02-16 02:29:27","enterprise"
"ca2abce7-d8a6-4800-84b1-00e873545d88","2024-02-15 22:01:17","free"
"586d6c61-6f63-4b62-84c1-1c3262cd791f","2024-01-16 03:04:31","enterprise"
"79667205-46d5-4dfe-84c5-f9b7a40d250f","2024-01-01 04:44:03","free"
"6d659558-3cb1-485c-84d6-7098d550f99e","2024-02-12 08:25:42","enterprise"
"21e5620e-6174-4de4-84d9-6363bf6cf617","2024-01-17 15:44:09","enterprise"
"8ee78378-d786-4230-84d9-b55ebbf5f67c","2024-02-08 22:04:03","enterprise"
"567e9c17-491e-4640-84db-dca967835ba6","2024-02-27 04:33:09","enterprise"
"ab1b5e7e-83bd-4640-84df-461471a8fed4","2024-01-23 15:08:40","free"
"3691948b-7428-48c0-84e6-9fb2381c013e","2024-01-02 17:48:37","payg"
"6d853106-391e-47dc-84f5-d473bfa7e596","2024-01-30 10:21:38","payg"
"64c80864-af31-4b1c-8501-8fbc2af58093","2024-01-08 02:36:59","free"
"5b975d28-1ac1-4736-850e-bd93faadd4fc","2024-01-30 18:18:14","free"
"bc0846ee-87ef-4310-8510-d2970055d882","2024-01-07 08:41:28","payg"
"919e06dc-14f6-4e95-8527-d3c6c9837a93","2024-01-21 08:10:57","free"
"f8393da5-60d4-4580-852e-3b4a018fecf5","2024-02-08 03:53:36","enterprise"
"efae9805-fc55-48a3-853b-d7a35f8ba116","2024-01-04 13:43:50","enterprise"
"ff84e6cf-c63e-448d-853f-4ea880f9e514","2024-01-29 22:43:17","free"
"d3242c09-5eda-458b-8545-c8f0b8bda587","2024-02-23 19:59:07","free"
"77de94d9-4a4d-4619-854c-3105bfc015f3","2024-02-10 12:39:21","free"
"9f2410a8-8b0b-4b35-856f-811c1ca76016","2024-01-22 00:43:41","enterprise"
"a2103a77-dc29-4d42-8577-686aa301f101","2024-02-07 13:28:20","enterprise"
"5563a856-383b-4d0d-857b-933e729d77bb","2024-01-20 05:09:42","free"
"99daefdc-5dbf-44a3-857b-aecc7c961ea9","2024-02-25 07:38:27","enterprise"
"b0f074e9-d268-4fc6-858b-8f9d52611b9a","2024-01-03 13:23:36","payg"
"377c93ea-5160-43c7-85a4-8f4581c406bc","2024-02-10 20:16:20","free"
"5a3719cf-206e-4acc-85c6-735fa30eb999","2024-01-15 22:56:36","enterprise"
"cbb34d84-91cb-4ee6-85d9-fa460939cde4","2024-01-31 00:02:52","free"
"acfa5d28-1053-48b3-85e1-8f21b5457626","2024-02-22 18:04:07","free"
"38c9c06c-2315-4e16-85e3-0a7b3ed4ea25","2024-02-01 19:15:06","enterprise"
"edbb2923-e3d3-4b77-85e6-c46c8b84a577","2024-01-08 05:19:29","free"
"0b137315-d54f-4d51-8607-5307ec143a5a","2024-01-23 20:53:40","payg"
"473e9657-7087-4f81-8610-7e9c6b31de98","2024-01-25 04:33:03","payg"
"3b0987c7-0cae-47a1-861d-abc91a5cbc35","2024-01-21 07:32:27","free"
"3d454c0b-726d-4117-8670-781463a3b8cf","2024-02-28 07:31:58","free"
"d21cdd56-2324-4706-8699-473aab5fe964","2024-02-01 14:15:08","free"
"f5ff7e22-a2c1-4d81-86af-25ad4d56952a","2024-01-10 02:07:36","enterprise"
"e8f3c195-03cb-4ac7-86c9-30494c5c3b76","2024-01-11 10:09:25","free"
"76503a24-5e3b-4f6d-8702-d4225e62d474","2024-01-07 09:51:12","payg"
"639f456f-c637-40d6-870d-e7207fb09687","2024-01-23 05:27:35","enterprise"
"154f3897-7ed1-448e-8739-0a8f8024f67a","2024-02-19 05:33:04","free"
"728a72be-3356-4c52-875b-fa7dfaa8032d","2024-01-06 06:42:40","free"
"45ad4cd7-e78c-47ff-875d-27ecccf4bd79","2024-02-16 09:58:32","payg"
"4faac744-f087-45a2-8775-e6f481939340","2024-01-03 01:55:45","enterprise"
"a9dcedfb-2248-4613-8778-b48d68925ab9","2024-01-07 06:07:51","payg"
"97e529a0-6364-4c4d-877b-4a0f9bef16a1","2024-02-15 18:57:12","payg"
"d590bf3b-a2f8-4099-8786-62b9187403d4","2024-02-02 05:50:06","payg"
"3c2291dc-739d-4ebd-878f-75cd31ac88d2","2024-02-20 12:09:05","free"
"8c740c85-d922-44d2-879a-9d7de3e08902","2024-01-20 07:31:06","free"
"b337a996-2db6-4422-87a4-cf96849c0d89","2024-02-15 01:19:20","payg"
"1784e201-74cf-4866-87a8-3fa83615a8be","2024-02-04 03:08:50","free"
"d3d3b94d-2b02-4a1e-87af-63630dc1d9e8","2024-02-01 12:37:51","enterprise"
"f8685913-d6ee-4fa6-87b7-60d69352a987","2024-01-17 01:58:23","enterprise"
"3cc4285b-6662-4dd6-87c5-9dacb5824734","2024-02-23 15:58:09","free"
"367a4b01-b2a3-41f4-87c8-76112d91a3fd","2024-01-05 23:38:29","payg"
"f4247345-eaf3-4ec7-87cd-0d2cc4da4d5c","2024-02-16 02:59:13","enterprise"
"78a58b7f-ed4b-4cdd-87dc-36113aa34b6f","2024-02-02 18:50:16","free"
"9d806bdb-6f07-4a31-87dd-527ab763c7d3","2024-02-19 22:23:49","free"
"6531176b-78b9-4b65-8806-026dcf02a56c","2024-01-26 13:18:56","free"
"57c8f393-cd07-4224-8809-ba85d151fcf6","2024-01-19 15:08:03","free"
"f2e4176f-c8d5-48ae-880c-17fa66f09491","2024-01-02 09:23:53","free"
"e400b24c-b59b-480f-8811-0b8d04a818e8","2024-02-11 21:09:53","payg"
"66e80214-066c-4863-881b-9f545d3e9608","2024-01-08 12:53:07","free"
"56a2a088-064e-4366-881c-310c01289a43","2024-01-17 02:56:08","payg"
"dc5d17c9-5232-4475-882d-c9fac3fbdaee","2024-02-21 18:01:14","free"
"8f69293e-bd2c-4a5a-8834-978148ed0e61","2024-02-04 08:12:08","free"
"f6719ad7-2fb1-449e-8855-863229c486af","2024-02-14 07:40:44","free"
"f711b4fa-f394-4b69-8856-e75c3b91ab6f","2024-01-30 19:30:10","enterprise"
"659d3ee2-ea08-4d70-886f-5ce0c68cf600","2024-02-21 22:22:19","free"
"0b8b08ab-751e-448a-8871-4be93460c146","2024-01-12 22:21:41","free"
"559d8461-44e5-43a1-887f-ea1b99a06db2","2024-02-25 13:58:50","free"
"7dcd60f4-fff2-428d-8886-a3c7ab73b1ad","2024-01-22 08:11:16","free"
"f40eb926-40c5-4609-88a2-729850b55cbf","2024-01-24 11:47:32","free"
"d00508b3-83f8-4157-88a4-a81caf0a9926","2024-01-07 08:37:23","payg"
"afb00c9f-81f3-4299-88cb-3e911885846e","2024-02-28 17:57:35","enterprise"
"7563666a-8d30-4fc3-88d0-f2da1f7cec81","2024-01-16 02:09:34","enterprise"
"4a6dd540-bfb1-4410-88d5-cd737dba9031","2024-02-16 20:12:37","enterprise"
"7c53f48c-357a-4286-88df-da207858f1d1","2024-02-08 19:16:58","free"
"ea8ba34e-7111-4e92-88eb-96973ea68ed1","2024-01-15 05:20:04","free"
"f35e541b-d113-453e-88ec-f4187c48b756","2024-01-21 11:05:12","free"
"75345131-0bc7-454a-8908-cebdea86d63b","2024-02-11 09:18:53","enterprise"
"88b2f4d8-b96b-4cf3-894d-2a7498f8ba49","2024-01-20 12:04:11","payg"
"18bcd3ba-5899-4412-8966-20bf8676a604","2024-02-05 10:20:19","enterprise"
"8a45272f-3fec-4948-8981-88ab3d840866","2024-01-20 18:40:47","free"
"e52f15fb-e9b5-4aa2-89af-cd2d9f4132c7","2024-02-15 17:53:16","enterprise"
"83fedf06-d9ee-42c4-89c1-4d41aa0f5606","2024-01-30 01:19:03","free"
"8f5e1bf6-c190-461c-89c1-8eeca3070e0a","2024-01-01 11:10:09","payg"
"f487c142-602a-48b8-89e7-8de117ed9697","2024-02-11 12:16:24","free"
"db4ed2bf-448c-4571-89e9-8f5d19daa2cd","2024-02-15 11:55:26","payg"
"d882576e-6d9c-4f09-8a2d-58a63202b528","2024-01-10 09:03:43","payg"
"f5560c83-2ec6-4cc2-8a33-1cc5cd20b620","2024-02-02 20:42:01","free"
"049cecad-04d6-45ef-8a36-c11d5a4fa957","2024-01-18 19:57:12","free"
"f5dfa567-81b5-420c-8a3c-0980ab0d72cd","2024-02-13 02:55:27","free"
"36d190d4-a652-4720-8a42-35f3d9f7c788","2024-02-10 12:31:52","free"
"e56b91d6-7358-423a-8a63-9329be7240ad","2024-02-14 19:31:06","free"
"2487c6a4-e08e-4250-8a89-8b8cee7d5048","2024-01-20 06:53:06","enterprise"
"de5f5407-ee81-423f-8a95-283731ee79e4","2024-02-22 01:34:49","enterprise"
"6046e8c9-163e-4fc8-8ab8-a3d05f0c8c13","2024-01-15 01:11:43","free"
"00b32a84-257d-424e-8ab8-cdd91238ec2d","2024-01-16 12:58:55","enterprise"
"161222bf-ffc4-4f06-8ad5-086b45754214","2024-02-27 05:37:21","free"
"118c8e0f-ee32-425e-8ae4-10bfe6976f6d","2024-01-27 13:51:42","enterprise"
"2f9d713d-4fb1-4895-8aec-0c70a55ef529","2024-02-09 22:41:40","enterprise"
"7a5531cf-23dd-4ce5-8af6-aeb927daa535","2024-02-05 23:50:22","enterprise"
"575d00d5-4580-48be-8b03-1d5e8340f297","2024-01-28 20:43:23","free"
"74f56481-a06f-44a9-8b06-7285c63223af","2024-02-08 09:42:08","enterprise"
"6488e967-1917-4ac8-8b12-124107411db1","2024-01-31 17:24:08","enterprise"
"91abdb76-01bc-46a7-8b14-7b275e57e8a3","2024-01-06 21:21:44","enterprise"
"de8b318c-1625-4e25-8b17-eefcc8fd3fd3","2024-01-16 11:08:56","enterprise"
"3ea8c9c5-931a-4b14-8b1b-3356a810af88","2024-01-24 17:04:43","payg"
"611441ba-91e4-407b-8b2a-d6584bde4633","2024-01-13 02:45:09","free"
"8185bc7d-dfd6-4bfc-8b42-d521da289868","2024-01-12 16:46:57","enterprise"
"b6ce6e90-39fe-46bf-8b4a-2e128d8da007","2024-01-14 06:45:41","payg"
"c7ff845b-2edb-4edb-8b4b-f847411fca87","2024-01-01 05:10:03","payg"
"1a1a32a5-7d4c-45f5-8b5e-3bb366235780","2024-02-16 15:13:10","free"
"ab1f1175-b8e2-4fc5-8b5f-a58ee94d22c2","2024-01-19 23:20:48","enterprise"
"0ab69448-75d7-400c-8b89-ab84f07409d7","2024-01-04 15:17:31","free"
"e77d99c1-b53e-4c72-8b9d-57ed1f5a1417","2024-01-02 01:46:55","free"
"0201a9a7-2177-4f68-8bbc-8a9ca4d00ecd","2024-02-12 05:45:30","free"
"cde38fe9-7429-481c-8bd4-91e01cdbfd63","2024-02-03 02:20:18","free"
"58a0c66f-6036-4b22-8be3-0157541278a3","2024-02-19 04:29:02","enterprise"
"cc1eb19e-9f8d-492b-8bfd-ae4583bcffb0","2024-02-28 07:00:08","enterprise"
"2c8cc0d1-5ccd-4a69-8c11-f11c61d6f9e4","2024-02-04 07:09:07","free"
"d285ee64-2d1a-4e0d-8c1b-a2b81f69daff","2024-01-17 23:01:49","payg"
"4a635cef-a85b-4cdc-8c1b-e06189e42d61","2024-01-22 03:24:41","enterprise"
"e2aae637-ab0e-40d1-8c46-1b08252981b8","2024-02-21 02:52:55","payg"
"a8ec282a-7358-4ab7-8c5c-55a117fd5850","2024-01-14 01:54:10","payg"
"a019bfb6-7641-4a76-8c6c-3deb4689c16d","2024-01-05 13:09:55","enterprise"
"d141ac33-1818-411f-8c75-adf71094f8ad","2024-01-31 11:24:27","payg"
"eb43cd4e-1af5-4202-8cab-bc6dcd891c4f","2024-01-26 16:09:19","free"
"011ce2d4-7eab-4fb5-8cc2-4dedb8557c8a","2024-01-26 09:52:52","enterprise"
"5d2b3aa5-d44f-4ad3-8cd5-a2f3fa1e01a8","2024-02-02 12:50:00","enterprise"
"25965ea1-e6a4-417c-8cde-62ee22713950","2024-02-03 09:45:40","free"
"bf0aaf80-326c-4ee3-8cea-ce7e96be52fd","2024-02-16 06:47:52","enterprise"
"451143c9-b621-4a87-8cf4-ece679d7101a","2024-01-27 11:10:38","free"
"51244244-f242-4d20-8d02-19e26831af2c","2024-01-04 18:15:34","free"
"6237e009-fc3e-468c-8d03-917d765af9fe","2024-02-05 17:01:12","free"
"adaf4df2-1f9b-4a4c-8d15-e93dd18af360","2024-02-22 16:36:33","enterprise"
"ab36f7d9-2b7f-41b1-8d3c-a932ed9148eb","2024-01-07 17:51:25","free"
"2e69e8b6-f54c-4671-8d4a-13b568cf2a5c","2024-01-01 21:29:34","free"
"67f3fecd-c498-42f2-8d6d-2c2b14ed4b16","2024-01-24 11:33:18","free"
"218b8c0e-db53-4fa9-8d79-2ec0f6d977d5","2024-01-26 06:47:45","free"
"00ef31a1-b705-44ac-8d7a-6fc1e8e52203","2024-01-05 00:26:00","payg"
"af7b2b17-3206-4821-8d7d-49668bc96cc5","2024-01-14 20:53:54","enterprise"
"63f4dd1e-b934-46ba-8d92-574c518d77ee","2024-02-16 15:56:14","enterprise"
"44a1717a-c459-46e3-8da6-f74914198040","2024-02-18 07:50:45","enterprise"
"740aa5e7-c354-4008-8db7-777058999ebd","2024-02-21 01:33:17","payg"
"a134a21d-bd4a-4500-8dbc-5309793ac874","2024-01-21 17:26:22","free"
"98e0f46b-a673-41ed-8dbe-c86703f5f1e6","2024-02-21 11:32:37","payg"
"c68c3230-96b7-454a-8dcb-fc76315885bd","2024-02-09 03:07:56","enterprise"
"5b68cd27-14a7-46cd-8dd2-64af4ff3ce5a","2024-01-28 13:21:47","enterprise"
"5928f57b-b762-4259-8de1-e1c2e9b96c6d","2024-02-27 14:36:57","enterprise"
"9b2fc39f-5b2d-4b2f-8e0f-f9443d293ed4","2024-01-16 01:18:29","enterprise"
"8e6fcd9f-76e1-40bd-8e2b-5e9b353b455e","2024-02-28 00:31:38","free"
"966e874a-777a-46be-8e39-89b39997ed61","2024-01-25 23:33:18","free"
"97b08fab-698c-4a49-8e48-33ac50b0de5f","2024-01-09 14:16:32","free"
"e601b25f-6a9d-4156-8e49-22d0242444d2","2024-01-02 06:29:32","enterprise"
"26e143a8-426e-4f82-8e4a-79ca580fe4f9","2024-02-24 14:25:47","enterprise"
"57f7e394-51cd-4578-8e53-aa6e517271df","2024-02-24 06:05:31","free"
"e73b3524-a506-4d04-8e71-0613dec01236","2024-01-26 09:43:57","enterprise"
"7536aa14-4c71-40cc-8e79-0bce4fdc7d6e","2024-02-18 21:54:53","enterprise"
"ce27e084-bab0-42e7-8e82-7bb617d274b3","2024-02-07 18:31:41","free"
"bb1f33f6-403e-4b01-8e82-8ca8b3002794","2024-01-16 14:18:48","enterprise"
"d8587372-c3bf-43a7-8e8d-bffa48179940","2024-02-16 06:49:33","free"
"d301fd2d-979b-49d8-8ebd-068437c2965d","2024-01-15 14:25:15","enterprise"
"684b74e8-853f-4ea9-8ee1-b497b823fec8","2024-02-03 05:12:37","free"
"a9511df9-fbf1-4b60-8ee4-e6ecfaf58380","2024-01-10 03:59:02","enterprise"
"d09deff0-40cc-4108-8eec-89e553709c84","2024-01-15 08:03:37","free"
"9fe273a0-6660-44ab-8ef0-36490ec38364","2024-02-20 02:13:44","enterprise"
"555da99a-d91f-445c-8ef6-69a72c22ca4e","2024-01-10 15:56:38","enterprise"
"58673c90-3b6a-4c5b-8ef7-78d1b0ad3a7c","2024-02-28 21:24:40","enterprise"
"899507dc-043a-474a-8ef8-7524b7306c74","2024-01-08 23:39:09","free"
"6ce591b5-0dd2-4dc0-8f07-9ef64e4e79fe","2024-02-13 04:46:19","free"
"4ed666f2-f238-4c0e-8f12-5bcd4eb7c943","2024-01-28 20:44:02","payg"
"c654752f-5a7a-493d-8f8f-4f07d15a0282","2024-02-08 20:45:28","payg"
"1b0c6430-65c6-456a-8f99-7bfebe973dc0","2024-02-13 05:55:57","payg"
"050999f1-0497-4a43-8fc4-5c1e9bcb8e8a","2024-02-09 08:41:28","payg"
"59ef50c1-f9c3-43d9-8fda-6885cb10711c","2024-02-18 00:18:01","enterprise"
"31ac3915-b44c-4bae-8fe7-ceecd595cdc0","2024-02-03 17:49:34","free"
"32fc8f92-39a3-41dd-8fea-98481330441c","2024-01-31 12:28:19","enterprise"
"9e0a6eea-339b-4aed-8ff8-cf2b4665d90f","2024-01-11 13:25:03","free"
"dfbdcb2d-afac-455a-9011-15fb73fd91e2","2024-02-13 00:49:13","payg"
"fc28eebd-6278-42ee-901d-571b101df56a","2024-02-02 22:58:01","free"
"03f558fc-0f60-43b3-9021-52876c2daf9f","2024-01-07 13:53:29","free"
"d60fbe2e-8980-47be-9022-8b3faff7a3cb","2024-01-12 14:26:01","enterprise"
"97409453-275a-4f5d-9026-358df3897441","2024-02-28 19:52:50","free"
"6821466e-5a11-48f6-9027-5c2eb02428e1","2024-01-03 10:11:11","payg"
"865ab3cf-8106-4d0d-9035-9ca9ad225e91","2024-01-30 10:18:40","payg"
"f668744c-10db-4b3b-9038-fd995c175cc8","2024-01-20 21:25:51","payg"
"9d588b8d-6b9b-4437-9051-5988a3448d61","2024-01-28 10:17:28","enterprise"
"5645096e-b7ff-4285-9059-def28af0e2da","2024-02-01 08:28:31","free"
"6c296f61-f9ec-495d-905f-4e8bdb028431","2024-01-24 08:44:15","enterprise"
"39042116-84b0-49a0-9063-3783607e8168","2024-01-16 17:17:47","free"
"274c1cf0-6060-41e8-9086-0c245de585cf","2024-02-07 05:15:21","free"
"c67c2ca3-2764-4fb0-90bb-e12bd49a5ee1","2024-01-02 04:08:25","free"
"04f61a25-6f80-455b-90cb-fb2f7c6d7ad4","2024-01-31 01:27:50","enterprise"
"33fdc387-8043-4cc5-90e2-515af1b6ad5d","2024-02-12 01:33:57","free"
"958deed2-bd16-423f-90fb-9b176b9315bf","2024-01-26 01:37:57","enterprise"
"fef12d22-b085-4433-9100-d714d6959e9d","2024-02-23 15:23:56","enterprise"
"013dbb0b-5189-48c8-9109-391212330d53","2024-02-13 10:17:50","free"
"35ade6bf-7cd0-45af-9111-1d817fb882d0","2024-02-12 01:32:47","free"
"43053c6a-f4b2-4cbc-9118-c52ef8e297f5","2024-02-12 13:04:48","enterprise"
"14377d16-cb1a-4abd-9146-3b7e1b24b654","2024-01-28 17:11:18","enterprise"
"b0d919e2-2091-4004-9147-758f8b1b99ea","2024-02-06 03:25:36","free"
"90a8ab46-ad32-4369-9155-d4bb2108bb7f","2024-02-24 05:42:15","free"
"245399d1-6d3c-4b0f-9159-fe39d6b9153f","2024-01-26 12:34:14","free"
"7fb0b273-1aef-42fd-915d-a92bfb60f1a1","2024-01-24 07:54:07","enterprise"
"6c4ee32b-1f42-41ff-9173-f6167496b162","2024-01-14 19:58:06","enterprise"
"1e4b3334-370d-4e0a-919b-5963428b1983","2024-01-16 16:14:53","free"
"09be9111-69ed-415c-91a8-a72f825afeef","2024-01-17 22:48:20","free"
"c4f94426-6f9e-476c-91a9-c71b31dacfc0","2024-02-17 01:42:56","enterprise"
"5c35e27f-77ad-4179-91b6-ed11e8bfaca3","2024-01-11 03:46:15","enterprise"
"bc0a4196-6d9f-4a16-91c5-7c746ba0cde7","2024-01-07 04:38:22","payg"
"66a3b15f-fba5-427c-91e1-0e40046b04af","2024-02-19 20:45:54","payg"
"fb4078bb-ba9c-42bb-91e4-e1d7953ca655","2024-01-21 07:06:19","free"
"c1bfedf5-d96e-44af-91e8-8e4d5d825514","2024-02-06 08:21:48","free"
"dac0fc93-42ca-4d41-91ed-86c522088684","2024-01-04 18:37:00","free"
"dcded90c-14d6-476f-91fb-1449a22ff66b","2024-01-12 05:18:13","free"
"7a352dbd-5172-4af1-9228-d9265b363d03","2024-02-12 09:05:14","free"
"e993efef-6554-4551-9232-0f9fafc4ff18","2024-01-27 09:10:56","free"
"091d4310-4575-4727-923b-a48d661bf597","2024-01-30 17:26:46","payg"
"3e2c57b7-d40c-4906-9241-adb432ce65dd","2024-01-09 10:50:59","free"
"ed1a98af-c171-4773-9242-3e2fd443a3bd","2024-02-08 06:59:26","free"
"67a324c6-93ab-4f59-9294-d2bf6155dd93","2024-01-19 16:14:52","enterprise"
"bdbab4fb-42a0-4bb3-92aa-38b12c965993","2024-02-10 17:20:09","payg"
"6a5e8219-985c-4195-92b3-9a43c4b5cf4c","2024-02-14 06:34:40","free"
"6c965b2f-3869-48c6-92b6-86fc48635590","2024-02-11 06:41:52","free"
"4f75900d-44d8-403c-92d9-b0fe42aad01b","2024-01-24 13:59:26","free"
"31ca65f0-815f-4cfc-92e3-463a1cd10dbd","2024-01-22 07:05:32","free"
"621409a4-f36b-4b5e-92ed-2b11ff43f5e0","2024-01-07 10:21:20","free"
"5444ddcb-4cef-4d49-9319-4b6804c1ba22","2024-01-11 10:33:35","free"
"985a28a6-617d-484b-9325-e759308f34e4","2024-02-03 18:56:50","free"
"47805b57-56d0-49c6-9333-6a651cb56745","2024-01-20 04:05:13","free"
"17924328-ebb4-4dc8-933d-ecf88ac73ee0","2024-01-04 17:32:55","free"
"bdb6e414-8fff-4055-9373-b05c43091c0b","2024-02-19 00:57:37","payg"
"18506aea-36df-4a0b-937c-c16f28f30601","2024-02-25 19:38:50","enterprise"
"17b05607-b5c3-4118-937e-cbcb004c108b","2024-02-06 14:51:42","free"
"cbad3a3d-ac93-4250-939c-7a04baf10a93","2024-02-15 06:31:51","free"
"c85c8ead-1e43-42c4-93a1-580eb6042414","2024-02-26 14:01:22","enterprise"
"8202a008-b77d-480b-93a2-1fd61bcfb0f7","2024-01-25 16:06:41","payg"
"885c5538-8b18-4b06-93a8-cf67ffc1fd2c","2024-02-19 01:50:07","free"
"08385015-a61f-407b-93ad-1f9d6821fa84","2024-01-13 18:47:00","payg"
"468f079a-ff8e-4f58-93ad-a50133529076","2024-02-25 19:57:09","payg"
"85b8a5b4-00fa-400c-93b7-b54b838a6fea","2024-02-15 13:29:55","free"
"61fd5db9-44b2-4d16-93c1-196b72736853","2024-02-15 04:02:27","payg"
"f1590df6-e09d-45bd-93d4-308a87a14d92","2024-01-11 06:41:46","enterprise"
"4a569fb6-75f6-47d6-93d7-aadc0dc25cff","2024-01-13 07:10:06","free"
"6abbfdbe-ebce-4a52-93ef-b46aa91172e7","2024-01-13 12:18:22","enterprise"
"0ae4bc10-f9fc-4703-9413-d8eecdff6f2e","2024-01-01 08:33:22","free"
"cb4d72f8-e2ae-45c3-9415-d699574c0e78","2024-01-31 17:06:51","enterprise"
"288afdb2-8fdf-48a1-943f-55e1dd140512","2024-02-09 14:13:42","enterprise"
"b3c3cd32-2647-49a3-943f-949cd6575c6a","2024-01-22 18:54:09","free"
"98fd7f63-1f70-4fd2-9440-054c995b9037","2024-02-17 21:14:45","enterprise"
"4184521c-eb2c-4bed-944d-7787db390aa1","2024-02-21 09:34:24","free"
"ed00977e-3094-4d04-9464-86e09f90959f","2024-02-17 01:11:54","enterprise"
"62f3ffb7-7f23-4fa7-9468-d2b9438d2b6c","2024-01-12 23:53:37","free"
"697fa3d0-6fb9-4064-9478-7f4fc3e2f3f3","2024-02-07 19:24:30","free"
"ba978148-b6f2-4178-948f-ebf19a4f7765","2024-01-01 22:01:46","enterprise"
"d2d948aa-3add-4361-949e-eff5220cf832","2024-01-28 18:53:44","free"
"73d8ccd0-f16a-4883-94a6-9f846be81c14","2024-02-26 06:14:18","free"
"a16df458-2653-4275-94d1-61970ace6f80","2024-01-10 19:57:21","enterprise"
"20b755b0-df27-4f78-94d5-29ecad028513","2024-02-27 08:49:17","free"
"0f8d30f7-507e-4102-94da-12811ecf1378","2024-01-27 09:06:07","enterprise"
"fff17fbd-61bb-4519-94e3-25493ebfdfc7","2024-02-24 13:16:40","free"
"38877377-bc7a-4b17-9507-00b1e0cbc0d2","2024-01-18 07:29:44","free"
"54303e8d-0eb9-4e01-9507-121f0b8e6f8a","2024-02-11 12:26:12","payg"
"905154a9-daf8-464b-9507-79ab205c5547","2024-02-18 21:00:17","enterprise"
"76a70c94-f76d-49f6-9509-375f9aaa839e","2024-01-28 23:40:03","free"
"f54a6ff1-8b9b-45de-950c-3a38ee93d036","2024-01-13 06:14:02","payg"
"6650b417-a33d-479e-9520-9c704ca7b9c6","2024-01-16 00:43:55","free"
"82c96367-dfcf-40c5-9531-4e2e9d29e3bd","2024-01-07 19:21:43","enterprise"
"14c39402-0bcc-4545-9558-0a89bb07e3e5","2024-01-28 23:01:40","free"
"719194d3-721d-4090-9595-b157bc379ffa","2024-01-09 03:08:15","free"
"d71bc921-cbb0-4f77-959b-f1ecb62c970d","2024-02-16 09:57:40","payg"
"a50eb0d7-cc7d-400b-95a7-8434376aee44","2024-01-30 15:26:10","enterprise"
"fd372711-30ec-4f72-95c8-9c0f5d7d7ad6","2024-01-26 19:26:06","enterprise"
"e7d11915-b250-4001-95d5-d69932f7e1d8","2024-02-24 13:23:32","free"
"1a693b1f-2b50-499d-95e9-268d06f45102","2024-01-12 18:42:29","free"
"5b0990f8-8cff-4d0d-95ee-a2252f86adc6","2024-01-22 19:25:15","free"
"cc2f36e2-15f0-48fa-95f5-e79a1aac433e","2024-02-15 06:22:42","enterprise"
"907ef517-78bb-4fbb-95fc-3774ba8f04e0","2024-01-12 03:20:16","free"
"51f321a3-1214-4d13-9607-6b0d8683b50e","2024-02-06 21:31:28","payg"
"ec1b082b-6c29-44dd-961b-764f8be83843","2024-01-10 11:24:58","enterprise"
"91f29b09-a9ad-46b8-962d-93b943dee66a","2024-02-19 19:59:17","enterprise"
"1068845f-7451-4239-965d-88a5ad5bfac9","2024-01-10 23:19:00","free"
"6ef02aa9-acbf-4e6a-9673-6bd53580f396","2024-02-18 04:01:45","enterprise"
"3674183c-adb0-4c5c-968f-a201a83fa530","2024-01-17 07:15:00","free"
"ca10db41-eb1e-4dfa-969b-8979d6599339","2024-02-11 20:42:49","enterprise"
"c0d61557-4240-4c77-96a1-6672a0533199","2024-02-16 17:03:34","enterprise"
"6fa2dde5-df2d-4d59-96a6-2ca74535d94e","2024-02-19 13:31:00","enterprise"
"0443f2d4-8262-456a-96a7-8af5a6ec417a","2024-01-26 02:19:31","free"
"18eeb036-e0ea-4689-96c2-08b779bbe6ef","2024-01-22 15:08:01","payg"
"dbcd9e5f-8ccd-471a-96e3-d0c024d8cc2a","2024-02-26 01:29:57","free"
"d4c42541-6889-47e4-96f4-78f70597e679","2024-01-05 21:55:31","free"
"351844f2-eb01-4484-96fb-f4cb475975e5","2024-02-03 22:54:42","free"
"792e567c-1355-4054-970d-188859067c9b","2024-02-24 18:52:31","free"
"77ebc83b-4158-4827-9711-06397b7c3b2c","2024-02-22 17:43:34","free"
"73c188a6-f0ba-46e9-971c-19cb3a3ebc3d","2024-01-30 11:01:55","enterprise"
"be17d0a7-382e-4d54-972e-56f4329945f5","2024-01-18 21:41:00","enterprise"
"4314a73e-c344-4d92-973d-dd98c983a999","2024-02-17 23:19:29","free"
"58955410-f6e2-4a3c-9744-0bea23f3d42d","2024-01-09 20:53:03","free"
"ea977570-853c-42b1-976c-a46eb4969657","2024-01-24 23:35:30","payg"
"ecbc460d-db54-4a33-976d-fd53368ee77a","2024-02-07 14:03:22","free"
"5e58b008-ff81-4b05-977c-afcb1207bde2","2024-01-22 07:24:02","free"
"1f75bfc5-3e66-4d23-9785-55fc3b72ea8d","2024-02-18 16:25:46","enterprise"
"79f6cb0a-8513-4b83-9787-8da7bf62af4e","2024-02-06 06:24:10","enterprise"
"acab2afe-675d-40ca-979f-7e34bc5c5df9","2024-01-22 07:15:31","payg"
"c5e6b05f-408d-4426-97a9-2bc9bd15ba2e","2024-01-22 15:19:16","payg"
"35a8c229-64f0-46d5-97bf-448f0c9e8ac8","2024-01-20 10:04:21","enterprise"
"1d56bb7f-79bf-467e-97c4-78e6ccfbd624","2024-01-12 16:50:17","payg"
"85de78fe-02dd-4608-97c6-64ff6b842c1a","2024-02-01 09:10:50","free"
"c413e9d0-c1ef-45d8-97d0-8febbb203ab8","2024-02-24 01:05:04","payg"
"3d6c4ef3-6471-4de0-97d2-542d8feb7a6b","2024-01-10 05:41:32","free"
"8001ebd6-cc1b-4541-97ff-6f1bf48b5d98","2024-02-15 12:32:52","free"
"a9f47a9e-35bf-417f-980d-d90f8fdca99a","2024-01-09 17:45:00","payg"
"25cc1de9-6b58-41a8-980e-17c5447faa5c","2024-01-13 10:11:36","enterprise"
"41323421-574c-4e2a-9811-37859b12a431","2024-01-17 14:29:43","payg"
"c40e5b43-69fd-4307-9819-2d650e54f6a2","2024-01-31 12:33:52","enterprise"
"2c8d0d69-1100-43d8-982e-0c188fef74ac","2024-02-24 21:02:16","enterprise"
"8a792f37-1047-4680-9830-9ed987d46005","2024-02-28 09:03:34","free"
"93687501-73e8-4f67-9840-494800a79184","2024-01-09 03:13:07","enterprise"
"75333e39-6bbe-45af-9851-d49b339a0286","2024-01-07 22:43:21","payg"
"f628ebba-1756-47f6-985c-936bb2c4c56e","2024-02-07 17:08:47","enterprise"
"e8312a76-a7fc-4ac0-985f-c566e579a234","2024-02-07 14:28:37","payg"
"e9390b80-37d3-4223-9872-142a76f74b17","2024-02-03 19:57:07","enterprise"
"ee04a2db-e5c0-4df6-989c-c6c3acdc936d","2024-01-18 07:11:53","enterprise"
"770e0ba1-f327-483a-98a2-33761c9c2ae4","2024-02-23 18:51:56","free"
"a3e0e702-555e-491b-98b8-efc5d00fa227","2024-01-08 22:50:25","free"
"d5f260af-81fe-41c5-98c3-472aac8d1e7a","2024-02-13 16:29:58","enterprise"
"4cde50cf-9a6a-4a84-98c9-e0b1d5302aab","2024-01-12 09:24:17","free"
"c3c81f0a-3d75-407e-98d8-468ff47cf49e","2024-02-11 05:39:19","free"
"9218f4a1-9bea-4a6e-98dc-b4473aa1167c","2024-01-09 10:37:49","payg"
"adcba0cd-f26c-4f23-98e3-f739b64f39c6","2024-01-01 09:10:50","free"
"fb7d1923-29a6-47b7-98fa-ad0a9467913c","2024-02-20 09:03:51","free"
"8680d6c8-aa3b-4f89-98fe-fed0a3a78a34","2024-02-13 15:54:06","enterprise"
"e5eac048-35a4-42b4-9910-209a3263fea9","2024-02-12 20:26:39","payg"
"4ab7da44-8482-41f2-9918-94d218b52e68","2024-02-01 12:51:16","free"
"fc6772e1-e3d9-49a9-9920-81c760290f5f","2024-02-13 15:41:08","free"
"d6c153c9-c716-4630-9927-bd4fc4ce7eb2","2024-01-31 06:17:47","payg"
"ebe66e1f-f7b5-4b76-9929-2a924c486dd5","2024-01-20 23:38:23","payg"
"e8ada8e2-a183-4a06-9937-94c957885a41","2024-01-30 05:06:21","enterprise"
"b71843bb-ff93-4079-9939-f959979a5fa5","2024-01-26 14:23:33","enterprise"
"5ef05861-fda1-4ce0-9947-e0494757a72c","2024-02-19 00:44:53","payg"
"d5e6350c-b829-4c98-994a-d92f234a6ffe","2024-02-17 05:01:47","enterprise"
"f1495e38-7152-481e-9950-03a42e5da8bb","2024-01-23 22:53:03","free"
"d5f8cb8b-f644-45db-995c-28b13b879ecc","2024-02-04 21:43:31","payg"
"a89f8f44-5dc3-4c74-9983-cf3e09618bac","2024-02-23 06:20:39","free"
"713bd20a-89d0-458b-9996-3f379d9337ad","2024-01-04 11:31:57","payg"
"e7b28bb6-a52a-4ce6-999d-a1d7a7f3b47f","2024-02-15 15:30:59","payg"
"00e73ebf-7b35-4751-99b7-4e6618a32847","2024-02-17 20:11:27","free"
"118f4e4e-0c34-41f5-99b9-8e1e57a3bb63","2024-01-24 03:30:40","free"
"f2c5bf78-c0b4-4f75-99cb-d84307cdf1b9","2024-02-06 16:09:17","free"
"0ba44d5e-48c5-45ad-99ce-dcdc74695426","2024-01-07 03:30:24","payg"
"21526b27-f9ff-40a8-99cf-130e423dd4db","2024-02-22 20:14:35","free"
"b24c94a9-6696-4434-99d4-94094c50ff7e","2024-01-12 14:59:35","enterprise"
"bdcecbba-3b81-4bc2-99db-5f9b5e02ae35","2024-01-15 10:48:27","free"
"31eba333-d9e2-452c-99f1-dd6e3233baec","2024-01-27 04:32:02","payg"
"f1d93ebd-32bc-4c77-99f4-ea27071ba11e","2024-02-01 06:57:11","free"
"b3bbbaf0-9921-4216-99fc-64e72c1ab515","2024-02-02 04:06:15","free"
"9217c068-ccdb-4c57-99fd-17b1f624c315","2024-01-25 12:28:32","enterprise"
"c2f79b9f-21a7-443e-99ff-aa162c1a7bed","2024-02-25 20:45:55","free"
"54882d6e-1fb9-44d0-9a14-20e8956ad2cd","2024-02-23 08:05:07","enterprise"
"d7a7ec9d-165b-4e74-9a1e-e23ea0807608","2024-02-18 14:59:46","enterprise"
"7ffc308a-94c2-4398-9a23-8f4817fa8144","2024-01-05 23:34:33","payg"
"0efa0c61-8f83-457a-9a36-5c0908ef55eb","2024-01-23 05:12:45","enterprise"
"9221f939-61a1-43f8-9a3f-21ede51f9b6b","2024-02-23 02:39:24","enterprise"
"c5270bca-f93e-408a-9a70-98c77a1a098b","2024-01-23 06:52:15","payg"
"b1a1e11e-be49-4d26-9a8a-2b2d4ca658d2","2024-01-24 17:32:51","enterprise"
"2383f86c-781e-4beb-9a90-f89eb969c45e","2024-02-14 14:03:01","free"
"1c0b814c-aa01-4e5e-9a9e-d46260735cbd","2024-02-10 05:21:49","enterprise"
"e74b396a-80e7-4c41-9aa1-0852add567bb","2024-01-11 23:11:10","free"
"e4c1c395-9e8c-4e97-9aaf-01516d939d1b","2024-02-10 07:34:43","free"
"90eebc78-0e6f-4336-9abd-82f50c4dab92","2024-01-16 04:31:35","free"
"cb7a6666-b3c9-4e69-9adc-f9ec2c4d5720","2024-02-02 14:24:28","enterprise"
"b753f501-be03-43a0-9af0-b20f2096a142","2024-02-14 14:30:11","payg"
"78fa5c18-a96a-4f25-9b15-4e2039c52714","2024-01-23 18:16:24","enterprise"
"a0f9f19b-c525-4d01-9b2b-5029e91f035f","2024-02-15 10:33:09","payg"
"4394bdb4-6fb9-45d8-9b48-0935d5ccf746","2024-01-10 05:47:37","free"
"532da797-a238-4459-9b49-fe88ee40a997","2024-01-10 04:16:53","payg"
"a630b495-0270-43dd-9b4d-eef15af6e4b5","2024-02-01 01:17:08","free"
"12c74737-cc1b-49a0-9b53-63cf385fdcad","2024-02-24 13:31:29","enterprise"
"98352377-3880-4732-9b6f-ec32b59669ee","2024-02-27 01:13:27","enterprise"
"95ddadc4-2889-4524-9b76-e3d67c9a0396","2024-01-01 05:06:01","free"
"756572aa-2109-4367-9b82-67f0781380aa","2024-01-26 18:55:27","free"
"0533fc09-80ae-4086-9b8a-77f08ef4690d","2024-02-17 17:42:00","free"
"e3d013f3-b737-41af-9b8c-b75b854f64da","2024-01-22 11:51:57","free"
"f107fbc8-ad74-4c0b-9b9a-40da452b3fa9","2024-02-04 03:58:06","enterprise"
"e053d3b6-4686-43d4-9ba0-b93d898551d6","2024-01-04 10:34:55","payg"
"99b40b98-7594-44ba-9bcd-09dae88a9cc7","2024-01-07 20:53:41","enterprise"
"a4a2d423-dac4-4eeb-9bda-6147e473f310","2024-01-12 08:43:33","free"
"009f84f4-9cc6-490d-9be5-c9b452dcb363","2024-01-10 02:00:46","enterprise"
"ecac2d32-2b24-46fa-9be7-cc41ff8d1e50","2024-02-20 13:34:06","payg"
"c9c7569d-22e9-433f-9bea-b0873de80c1f","2024-02-21 18:22:13","free"
"344b0731-278f-4e5e-9bfd-6007e7c19c52","2024-01-30 21:33:14","free"
"56a9d437-d9f6-4883-9c0c-1b8d5160d63e","2024-01-05 10:17:20","free"
"399b8b27-a26a-41ad-9c0c-67f1bd96e6de","2024-01-06 17:26:53","payg"
"ff8bd5d3-e9b9-4f78-9c34-d829ccdc4d80","2024-02-04 02:37:35","enterprise"
"7a9fb144-66f8-490d-9c41-ac16c274577c","2024-01-05 14:22:15","enterprise"
"0c10e11c-fec3-4eea-9c47-c547c4cd5f17","2024-02-16 01:36:58","payg"
"5268ace1-eda2-4211-9c4a-1bfad971bb32","2024-02-18 13:35:08","free"
"f184984a-fc93-4374-9c4c-75d36d722b7a","2024-02-10 22:34:54","enterprise"
"8a74ca14-31f6-479b-9c5d-0fabe652d88f","2024-01-24 23:24:50","free"
"dbf733eb-f262-421a-9c60-c877f8d56cdb","2024-02-09 15:38:06","payg"
"cec36bb7-35e8-4d38-9c6b-83ab3e21b4db","2024-01-02 07:09:55","enterprise"
"102039a9-d32c-4c2a-9c7e-25e811f119ab","2024-01-16 14:13:02","free"
"54397f22-a854-4946-9c9b-d5700b9ccd7b","2024-01-12 10:48:06","free"
"777d982c-6165-434c-9cb2-7bd7169580e6","2024-02-09 16:25:19","free"
"1f9cf718-4795-46a5-9cbf-a1ed633a8614","2024-01-02 09:37:13","payg"
"10920fae-5981-44e5-9ce5-10101933555d","2024-01-27 03:21:39","free"
"84e3e83d-2271-4478-9ced-612ce0b549a7","2024-02-17 13:16:16","enterprise"
"4c14590e-7901-480b-9cf6-38231dea6151","2024-01-15 03:59:19","free"
"ad3274a4-8843-4c25-9d05-c9d83e78f865","2024-02-15 03:20:31","free"
"41d83b37-155c-4179-9d33-5d9422215940","2024-01-27 02:15:25","payg"
"b9d8ffd6-4a13-44e2-9d44-964051b89cc6","2024-02-21 01:42:21","payg"
"983a95a1-ff08-4722-9d54-ee8fc7a43c15","2024-02-15 04:24:07","free"
"19182626-1d51-4c8f-9d7d-37a86085397e","2024-02-21 16:50:29","free"
"cf003850-d468-431a-9d7d-c3bd9f7c7c1e","2024-01-01 09:59:29","enterprise"
"8e3a7a0e-adc6-4fed-9d80-7c1345bee050","2024-01-25 08:15:23","enterprise"
"63b81a31-8ad5-4492-9d83-1dbe721fda2f","2024-01-18 11:09:27","payg"
"037965b8-248c-4f5d-9d83-8117d186232f","2024-02-12 09:01:28","payg"
"532618e6-7b7b-4392-9d8a-cc5c7b10a558","2024-01-20 10:51:57","enterprise"
"ffaa998c-84cd-4f4a-9d8d-334611b16e67","2024-01-11 23:42:55","free"
"b86a7199-257d-4a54-9d8d-eb026773ffee","2024-02-26 14:21:02","enterprise"
"e9016350-363c-4f06-9d9e-b10800939e28","2024-01-22 19:56:22","free"
"fe419678-b412-403a-9d9f-03c51f899bfb","2024-01-27 20:55:05","free"
"5815627e-cf6e-45cd-9dd4-024cc3047ba3","2024-01-05 14:32:31","free"
"8382815c-0b74-4d70-9dd8-7f8170300c24","2024-01-23 11:52:34","free"
"e6fb9a39-a5a3-42bd-9e08-c8eb1fa162f9","2024-02-17 07:28:26","payg"
"f8594c02-2054-4dc1-9e17-99a82f07422c","2024-01-15 05:19:28","enterprise"
"740319b8-f2ee-4df7-9e18-8c2f65cd71b4","2024-01-25 23:29:23","enterprise"
"b749110e-497f-4859-9e26-cff58edcd103","2024-01-06 07:59:48","free"
"c7c93f80-29dc-4b97-9e34-7d8f0f66b8d3","2024-01-28 12:16:09","free"
"7200e015-a127-4482-9e36-5f311987ccb9","2024-02-05 04:15:46","enterprise"
"1b75a894-ca48-4e02-9e4e-9aa5bc716f6e","2024-02-17 19:08:07","free"
"a82b3833-00fc-4c67-9e62-c0b999d7e69d","2024-01-01 04:15:09","free"
"cfddfcda-401a-43e0-9e68-3ef316b7d40d","2024-02-17 05:32:52","enterprise"
"51c8655d-fc03-4690-9e6a-dc54a2ed22de","2024-01-01 17:42:44","free"
"80219a33-9305-48ee-9e88-4e6697ad52d6","2024-01-01 15:40:00","payg"
"f431339f-a5e5-4874-9e93-053f215126b7","2024-02-14 15:00:31","free"
"7adccbf1-e889-4783-9e9b-fb05c1c5bc9a","2024-02-21 01:20:08","payg"
"53879e22-d906-468d-9ea6-5bf3ebffa4f9","2024-01-12 02:23:37","free"
"04d6863c-0da0-425a-9ea7-984310f8d28c","2024-02-10 13:14:40","payg"
"65b58b7c-538d-4088-9eaf-d336b96de953","2024-01-19 17:51:45","enterprise"
"40733407-5b11-4567-9eb7-1db21bb80d0a","2024-01-12 07:56:13","free"
"2c7872da-8d0d-413f-9ebe-f5790eead1d9","2024-01-23 05:43:18","payg"
"9dbe3762-51ec-40c2-9ec9-39b424aaa088","2024-01-19 03:15:54","free"
"f511b1bf-d772-466f-9eca-d03fdf6d53de","2024-02-12 11:47:40","payg"
"f04ffa8c-d50e-4b2f-9ee9-312e0b45428c","2024-01-11 06:46:53","enterprise"
"f6639eb9-3369-4b4d-9f01-475f8c46556f","2024-02-19 18:23:54","free"
"27a03c1a-18c3-4f3b-9f45-4a8af36a220d","2024-01-17 02:56:05","free"
"734908e4-e99f-4e45-9f57-6fb5ba6d09d4","2024-02-04 03:54:40","free"
"74cacf3c-3ab7-4de3-9f58-bbe59cdb0624","2024-01-17 18:46:00","free"
"ca514baf-aa0a-4225-9f7d-8547b8bdc9db","2024-01-19 15:21:12","free"
"b5e6fc25-0e44-4955-9f7e-70c17d8dfecf","2024-02-16 18:02:15","free"
"3223178f-1baf-4be4-9f8e-3d7e804e2c6a","2024-01-16 00:18:19","enterprise"
"a4507f84-b893-4b41-9fcc-14e848eb4d0c","2024-01-11 10:14:49","free"
"768bc831-8285-4156-9fda-c835b4743aa1","2024-01-01 00:02:22","free"
"ac7600de-3da0-47bc-9fdf-17922429f0d5","2024-02-04 16:53:37","enterprise"
"62b886fd-4e16-47b5-9ff6-5dd52fa0f037","2024-02-16 04:45:17","free"
"c423c682-fcd5-44a8-a01c-962b15d0ea5f","2024-02-14 06:23:21","enterprise"
"ee8fd74a-a2c5-42fe-a022-b958da7f4512","2024-01-26 13:33:03","enterprise"
"b783b447-a7c5-4e36-a03f-4fef7a48d92a","2024-01-02 11:03:22","payg"
"14ada923-4661-4e61-a041-ca958cab3a8c","2024-01-26 16:29:22","payg"
"a6ca8b25-24b5-4c6c-a046-78f5eda7e6b9","2024-01-23 11:04:50","free"
"4bde5935-1082-48c3-a04a-cfb72397c267","2024-01-05 09:15:47","free"
"4a88c86f-0150-487f-a05b-e2ca707fb139","2024-01-08 11:38:25","payg"
"4e46da57-58e9-4e84-a065-9d3f0f72c78c","2024-02-27 20:27:58","free"
"8415cb75-1335-4069-a075-bf083a472029","2024-02-09 23:43:49","free"
"a6784fbe-3915-4b34-a082-693640a94eb4","2024-01-13 02:16:18","enterprise"
"3bf7402d-f706-4a44-a082-9d57f6d652cc","2024-01-15 05:48:36","free"
"7587917c-b774-4c70-a088-933df7b216db","2024-01-18 10:37:31","free"
"d19f3b2c-d547-44f6-a089-07e6a765cfee","2024-02-12 08:54:35","payg"
"bffdf1e4-72e3-4286-a08e-4cb15c76abf9","2024-01-18 08:50:04","free"
"7a60d8c9-863a-4a88-a091-fc6945929b1e","2024-02-19 00:31:26","payg"
"351a882f-923b-4cdc-a092-b07ff3f6986f","2024-01-15 04:33:27","enterprise"
"33d60b7e-b895-42e8-a094-a2ed06205d1f","2024-01-09 07:43:19","payg"
"aa21903b-249e-4f20-a099-10cad4785ba0","2024-02-10 15:38:51","enterprise"
"981a6909-1320-46f1-a0a4-31ec4cbd9240","2024-02-07 22:46:05","payg"
"8dd028a6-5c16-4030-a0a6-6e7f80119c86","2024-02-08 19:58:18","enterprise"
"97190ba8-ef02-4d93-a0ac-401723a32279","2024-02-02 03:27:19","free"
"3febf19a-0d2b-4ef1-a0b3-827ae7897abe","2024-02-04 07:00:33","enterprise"
"b7f3e8d7-8a96-44ce-a0b7-7e10499de744","2024-01-19 13:20:17","enterprise"
"b18b1f1c-23c0-483c-a0c5-a90c2c96052d","2024-01-29 10:58:25","enterprise"
"35ef5448-a5cc-4b8d-a0c7-8450413a2bea","2024-02-18 02:41:03","free"
"0ba1a264-11f4-458b-a0dd-17ad08ba1335","2024-02-13 00:33:45","free"
"8712e697-0618-493f-a0e3-5f69d3f86690","2024-02-15 15:25:31","enterprise"
"aceb6078-4469-4622-a0e8-63644d55faf6","2024-02-24 01:33:47","enterprise"
"5eab37e6-8304-4c52-a0e9-8420eee28f6d","2024-01-24 16:32:04","free"
"da38fbd8-6f6a-4d65-a107-8277da3f4ce9","2024-02-12 10:55:05","free"
"9d95b455-5d2f-4f10-a10a-30c26295278c","2024-02-17 04:20:00","enterprise"
"48654daa-249f-486f-a10e-a30d6331c497","2024-02-13 13:02:07","free"
"007285dc-c07b-461d-a110-d0ab59d8698c","2024-02-25 19:40:47","payg"
"c54f28aa-13c9-495f-a127-9fb403e362bf","2024-01-18 19:01:29","free"
"7bb55d9d-f16d-4d07-a136-4bde197b89e3","2024-01-25 15:03:39","enterprise"
"f179f556-aa36-4fe6-a141-1ee96c53845e","2024-02-04 20:04:35","free"
"b2c27f2c-a089-4530-a151-9f765ed37b5a","2024-01-02 13:24:56","free"
"fde048ce-4eb0-4b91-a156-a8aa31e7b515","2024-02-15 15:27:14","free"
"63cbaa8d-79f9-4736-a1a1-1009489a49c6","2024-02-01 07:37:53","payg"
"3d7b5480-12b5-4672-a1a3-1e911f7dee44","2024-02-12 09:33:25","free"
"fab10e7f-d198-463d-a1a7-84ae9b692e22","2024-02-09 01:00:06","enterprise"
"92a6f7cf-4d59-41b1-a1c4-7a5a97403712","2024-02-03 18:55:57","free"
"680c6dc2-ffe4-46f3-a1d4-3e9920a295e6","2024-02-26 21:16:46","enterprise"
"a0f512ff-8bb7-4750-a1d4-e6476fa9a35a","2024-01-05 14:27:06","enterprise"
"be47f08c-523f-4839-a1ea-6747505b7600","2024-02-07 05:33:27","free"
"61204e8c-9eb4-42e2-a1f9-c3e5ca1832ef","2024-02-20 11:18:25","free"
"042e8e8b-5f3a-4d78-a1ff-8f096a1476ef","2024-01-07 05:09:38","free"
"1e5698c4-5876-48f0-a205-643163b8c42e","2024-01-19 19:22:07","enterprise"
"35066cca-332f-49e5-a211-5a1bfd9d3461","2024-01-25 12:10:24","free"
"2283537a-f389-47bb-a214-bfccabb35e57","2024-01-31 04:58:03","payg"
"45fc0210-50ac-4f73-a241-f3594af66990","2024-01-13 01:34:06","free"
"46712c51-6293-44d1-a244-3336bb8b9a0d","2024-02-24 00:34:07","payg"
"a28689c1-89b2-4c69-a29c-97c28174102e","2024-02-02 13:09:21","free"
"39a0f492-cb2a-4623-a2b1-8123e6bd452c","2024-01-14 01:29:35","payg"
"7a3f93a8-6621-425e-a2ca-734066769ac8","2024-01-15 09:06:48","free"
"4d06cec5-13af-41af-a2da-a0fde46b7dab","2024-02-26 08:51:27","free"
"b81c0368-22d4-4dc0-a2fc-98c544c217b8","2024-01-31 12:44:33","free"
"f3f6b4ef-7cf2-4c0d-a302-9d749a2cbba5","2024-01-04 12:30:54","free"
"5050497d-bb1a-45ae-a327-b0586233b84f","2024-01-29 22:41:14","free"
"c5d6eaca-c48c-4623-a328-d2929206f33c","2024-01-18 00:40:24","payg"
"eaf1719d-9f33-412f-a376-d4d266d776a1","2024-01-15 16:23:59","free"
"99278c57-dd90-4d79-a37a-e29f1ec76184","2024-02-13 03:37:22","payg"
"1518c9d3-6bd9-4070-a383-063f21241d41","2024-02-10 18:20:33","free"
"b4f65980-02af-4455-a3c3-16955a9e35d8","2024-02-14 16:09:21","free"
"6d38db95-66c6-468e-a3e3-48934352b381","2024-01-17 17:22:07","free"
"271df7ff-2716-468b-a405-9ffdd4067de2","2024-01-25 10:02:04","enterprise"
"7656fc21-ea64-4f2c-a406-72d508c43c04","2024-01-06 01:25:38","enterprise"
"e93d4ae5-ec99-4efc-a42e-d5e6790c7a3a","2024-01-18 07:53:21","free"
"9ff8a4e2-1cc8-4e89-a44b-6f8ec3ec822a","2024-01-02 02:55:10","free"
"a1ab3d8b-35ea-4087-a44e-f304ede95824","2024-01-23 12:06:55","payg"
"25834b5b-b59e-46da-a452-753a9bae37ca","2024-01-08 22:07:27","free"
"802f220f-7f6a-4019-a47b-aa9ff8fc81aa","2024-02-02 01:34:17","free"
"49c8a610-b74b-4a09-a47f-0309997e4e6f","2024-02-08 12:44:47","free"
"339b25a3-8099-44e9-a482-e2d9024c03c9","2024-01-12 11:15:51","free"
"c96ad2c8-2f5f-406d-a491-35da9b511184","2024-02-25 17:07:15","enterprise"
"91cf2bc1-26ee-4817-a4ab-9a1099be2f08","2024-02-18 21:53:51","enterprise"
"5ce4eeaf-afbc-4180-a4b3-f2e243a342b9","2024-01-22 14:27:03","free"
"2e57b4f4-b662-43ad-a4bc-b72394c5780a","2024-01-03 14:12:37","free"
"df8e8198-39ed-4178-a4e8-e4bebc4b8044","2024-01-09 19:53:16","free"
"43310d2c-0d5b-41d5-a4ef-896c5d154b3a","2024-01-20 08:04:26","free"
"077fab3b-3c2f-4d11-a4ef-a6688952e78a","2024-01-02 17:37:40","free"
"493a1cff-0c19-4a71-a510-3810ecc3adee","2024-02-02 10:13:23","free"
"1749cdd8-ab06-407c-a51a-c78dc9c63cb6","2024-02-18 09:48:49","payg"
"7df1e53c-f672-4923-a528-d539495e74a7","2024-01-05 01:08:03","free"
"3a358a93-54ba-4d7d-a540-e2a2acfd46e0","2024-01-20 22:07:33","free"
"79d9204f-4757-4e11-a590-6e5afe222d7a","2024-01-08 00:26:28","enterprise"
"f7199f89-e901-4aa1-a59d-b499c540b952","2024-01-27 19:17:33","enterprise"
"dce09101-5390-4d8f-a5af-1b80789a7f87","2024-01-08 03:48:10","enterprise"
"b93f4f81-eeec-45cc-a5b9-ab9ece3da050","2024-01-20 07:03:27","enterprise"
"38a61888-7cdd-43db-a5ba-2bf44e783bf2","2024-01-05 16:59:52","free"
"aff83b85-f19e-41a0-a5c1-68193468e8f2","2024-01-11 22:51:49","free"
"c0a135d5-8631-43a9-a5c2-d71065a88331","2024-01-26 05:50:44","free"
"03271ad2-b9b0-4d76-a5e6-5768c45832e9","2024-02-18 00:24:33","enterprise"
"5b681b7f-40b7-4640-a5f8-8985f3106d15","2024-02-19 14:23:42","free"
"30cafca4-75c9-4bb3-a5fc-7ace40359992","2024-01-21 07:04:08","payg"
"97d36f67-d819-4a3f-a618-6eddbc7fb3bd","2024-02-08 09:34:36","free"
"16da2192-6dcf-4bed-a636-191c726beff9","2024-02-08 06:25:05","payg"
"bf0cb535-237c-4367-a639-45e23ec67dde","2024-01-23 09:03:42","payg"
"a1f121fd-30b5-4f58-a64f-0b8ba22d78e8","2024-02-25 15:27:04","payg"
"e088a984-f196-4c37-a64f-a405d899b04d","2024-02-08 00:58:10","free"
"f411539f-f2a9-4473-a6ab-0befc1138a63","2024-02-23 18:57:32","free"
"e164abf4-4819-4d91-a6b0-8b11b73665b8","2024-02-23 16:32:08","free"
"a8bef26a-5349-4569-a6fc-b224639b7536","2024-02-17 00:19:07","payg"
"1e97c1a8-5139-4319-a712-f1f02af7d52a","2024-01-29 15:06:15","free"
"4fd2ceb3-267b-4ccb-a71d-b549b7cee41a","2024-02-10 10:06:25","enterprise"
"3ab9538e-74a2-4e82-a734-ac3fc6401325","2024-01-12 16:29:16","payg"
"39132d66-041b-4bcc-a759-4f3c8e0e4077","2024-01-23 06:52:09","free"
"0a1752f1-28cd-4c01-a75a-06b278d6f2f9","2024-02-20 11:04:15","enterprise"
"a69b4b4b-f525-4dd1-a75c-db852f0f9eab","2024-01-29 21:49:29","free"
"fc61207b-778f-43e5-a761-0700087a26b1","2024-01-08 06:04:57","enterprise"
"d606687a-a89b-4476-a76f-1bb14d5b2b8d","2024-01-21 15:19:30","free"
"194f0f7e-2d0c-489b-a77d-00211b0e0d54","2024-01-17 01:44:55","payg"
"ae91fef4-9910-47bc-a77d-e76b70e3d105","2024-01-21 06:17:24","free"
"7f9370f3-f428-4671-a79e-160ce5b3218b","2024-02-08 07:22:09","free"
"d6a5af9e-9f9d-4279-a79e-57d9f4a1faf3","2024-02-09 04:06:09","free"
"0d80d4e9-1400-4cef-a7aa-4732259c4ae3","2024-01-30 18:49:18","free"
"e77467f5-81bb-4c19-a7b5-6818975d0588","2024-02-21 11:47:39","enterprise"
"a3b43fa5-9bc2-465c-a7b7-9dcec17f52ff","2024-02-18 22:08:20","free"
"1b97cd7a-d3b3-4e66-a7bb-298f464d47aa","2024-01-10 19:11:04","free"
"5b0b12fc-b4e9-4337-a7c9-788574290d5e","2024-01-01 00:26:30","enterprise"
"35a90869-6994-4b3c-a7d0-9a737db6106b","2024-01-30 07:15:29","enterprise"
"3df0f76a-4734-4b93-a7f7-1b74d1253109","2024-01-08 01:00:59","free"
"2d69d20c-30ee-4a90-a7f9-07511222ca08","2024-01-11 17:13:20","payg"
"e8755ccd-d93e-48b7-a7f9-f744a2c4a7b0","2024-01-23 15:28:00","enterprise"
"71b7ab21-2590-4833-a810-cacadd18c468","2024-01-13 07:51:48","free"
"ed43ef42-929a-4efd-a818-8bdf7fede2ff","2024-02-19 15:03:52","enterprise"
"8ebf8e78-5f8a-410d-a867-aadb237a9bb1","2024-02-12 05:30:48","free"
"0868568d-8980-4a6d-a8a0-62a9f6dfd541","2024-01-22 09:45:19","free"
"74932935-46ec-41f9-a8a1-0dbde08a3c47","2024-02-18 20:28:49","free"
"474bfa8c-265f-4608-a8a1-f2e44eddb799","2024-02-19 19:25:48","free"
"8ca6cbce-b0a2-47fe-a8bb-1789a6605776","2024-02-20 10:05:54","free"
"06f9585a-23ce-4885-a8ca-44274985319b","2024-01-04 15:43:42","free"
"2a562635-a889-445d-a8d1-2c714b9aa371","2024-02-24 10:47:12","payg"
"ebda5261-84e8-4e61-a8fc-2338092a6a7d","2024-01-21 04:26:08","free"
"7585a125-70bc-41d9-a910-b565fe236c4f","2024-01-21 20:13:48","free"
"fd19e27c-7e6a-4cef-a915-26eef0b446e8","2024-02-15 22:53:22","enterprise"
"2c9c80b0-bb1c-4e96-a916-22ac546217e0","2024-02-23 15:34:08","free"
"bb461cff-2955-4102-a937-7aee5ae2f918","2024-02-28 10:26:59","free"
"3684396e-2139-4549-a93b-c21b32a245ec","2024-02-19 22:40:57","enterprise"
"2c0d5247-a3d9-42de-a975-041f1732c6a1","2024-02-04 14:48:45","payg"
"1408339d-3580-4089-a996-532d5ec66315","2024-01-01 10:53:06","enterprise"
"8f3a4227-b324-492b-a99f-95f94ca351c3","2024-01-04 03:12:46","enterprise"
"a89b754b-5c19-4d88-a9a2-c69e90a86e3a","2024-01-29 02:47:43","free"
"5381c526-70bd-4b61-a9a7-17784545778b","2024-01-19 01:17:48","free"
"fe87de6f-43ec-45d1-a9ad-6141ac111926","2024-02-09 17:10:15","free"
"dd7af5d2-78c4-4936-a9b7-dd3473be34c9","2024-01-31 15:31:30","enterprise"
"86b933e7-8de9-4261-a9b8-b37903bfaa8e","2024-02-04 03:44:12","enterprise"
"6c1a38a9-56a1-441b-a9c0-db5798979803","2024-01-31 23:47:45","enterprise"
"11d1b5ec-bc1b-4ef9-a9c6-f2e323f81b4c","2024-02-12 09:55:17","free"
"48e965bf-face-4781-a9c7-cfe94c65ef5c","2024-02-02 15:37:36","free"
"6eda3a75-a978-4493-a9d2-55fa3e58fa12","2024-02-07 20:09:00","free"
"a122d2a9-1a64-4677-a9ee-8a04f85fe92a","2024-02-25 15:12:33","free"
"a3b735c9-c5cc-4a47-a9f7-ffa476028955","2024-01-16 10:50:06","payg"
"8e2546ae-ee5c-4f2a-a9fe-81dff9a9ad5e","2024-01-23 21:49:43","payg"
"b8eb9948-5a89-449b-aa1c-978a646378e8","2024-02-07 08:27:01","payg"
"2ed99ca9-2d6b-4ee5-aa2e-49f05de74cad","2024-02-28 08:14:05","payg"
"e017e9ea-137f-46a5-aa36-265d3f152c2e","2024-02-12 15:30:20","free"
"634f9765-5de9-46d5-aa69-669184a5a970","2024-01-26 20:31:49","payg"
"846abb72-ac8d-426b-aa76-8ff540ac4d60","2024-02-13 05:18:22","enterprise"
"70beae75-ae2c-43d5-aa8a-c91a43aa610d","2024-01-11 10:14:57","enterprise"
"e8cd208d-fab7-404f-aa8b-0ff2dd2b9827","2024-01-17 22:10:09","free"
"879c340f-a985-4fc6-aaa6-d708bc9b5f86","2024-02-21 07:14:37","free"
"d9ed8636-a7eb-478a-aaac-66fdbef77e97","2024-01-27 05:32:15","free"
"c34f99b8-56f8-450e-aacb-c6e2185290b5","2024-01-28 16:38:14","enterprise"
"b45908fb-e7a9-4136-aada-0c337cf8b19a","2024-01-20 16:05:59","free"
"7c380641-492b-4717-aaf2-ee2f9f8594f0","2024-01-27 13:56:28","free"
"dc155268-1f37-46e6-aaf6-d420550540cc","2024-02-28 06:21:10","free"
"534c6eb1-7803-4423-aaf8-4ee4cc0009f1","2024-02-12 05:24:37","free"
"ed3aa767-1365-44ce-aafd-d40ce3207f00","2024-01-21 06:49:17","enterprise"
"d30328fb-2beb-45c0-ab02-b7b58ca67102","2024-01-31 04:00:20","payg"
"eddfecd3-0a69-4f4c-ab09-56351967ea91","2024-01-25 14:57:42","free"
"2b60cdda-cc93-46f4-ab2c-805f11b227a5","2024-02-01 09:28:23","free"
"fcbe8681-6423-4dd0-ab3f-e91163dfb66a","2024-02-08 14:51:07","free"
"cfbda6ae-ebb3-4a24-ab48-f65fe95733d5","2024-01-29 14:29:26","enterprise"
"2689be63-41c0-4b65-ab55-422a610a6b28","2024-02-26 12:47:35","enterprise"
"2011d271-5741-4b8e-ab5e-d22b71703e77","2024-01-12 13:53:39","free"
"3b309f22-e8d3-4dba-ab64-d99e736051fb","2024-02-09 16:44:16","payg"
"deb483da-9b40-4e69-ab66-af8565ed1457","2024-02-03 05:16:25","payg"
"8d0b6eab-7299-410e-ab6d-6288ec0d026a","2024-02-24 13:35:13","enterprise"
"74a00229-9773-43ee-ab7e-8c3d3d2b79e0","2024-02-03 16:36:17","free"
"2d0b4fac-dfc8-4f26-ab8b-79711b1596db","2024-02-01 08:36:08","payg"
"fb437d2f-3903-4025-ab98-b5bcc2d9d6c3","2024-02-06 22:13:59","free"
"84da12de-3f01-4fda-abb6-6ab0a0943962","2024-02-20 03:07:06","enterprise"
"e1eaaafe-441c-4737-abbb-aff3d4336c18","2024-01-25 09:43:54","free"
"61b9d4f6-0e74-48f4-abc9-5793a71b7a98","2024-01-18 03:07:40","free"
"1843ea3f-efaa-4c00-abe3-b26bfe65244c","2024-02-15 01:20:36","free"
"10528c00-a26b-4e48-abef-8e6aa05e915f","2024-02-02 14:45:43","free"
"4b75d534-3d3a-45ea-ac0e-68173e62f21d","2024-02-06 13:03:30","payg"
"b57457ba-877d-4f74-ac24-1383cb9babb8","2024-01-29 21:00:56","free"
"1ce0bd2e-cb2c-44be-ac25-ea2226270a03","2024-02-11 12:56:22","free"
"db0b800d-37d2-4b95-ac36-1c1a73b966f7","2024-02-28 23:36:00","free"
"9b050072-98a0-44ae-ac3b-726d9d20b65f","2024-02-04 08:00:50","payg"
"4f7f836e-3f2c-4530-ac3c-36fbfeb7cbde","2024-01-25 09:44:11","free"
"2f1ed1ef-721f-48b9-ac48-8d6211d90bed","2024-01-21 21:37:48","enterprise"
"ea540faa-8b4d-4b57-ac70-dc04607a1d09","2024-02-17 17:57:37","free"
"28d662a3-5ac6-43e0-ac74-073b3789df2a","2024-02-11 13:58:24","payg"
"a9a10674-098e-476b-ac79-9e6321b1f137","2024-02-25 01:03:19","enterprise"
"f9511548-8902-4b79-ac7d-9264caadd303","2024-01-02 08:22:46","payg"
"233dd2d7-ebac-4069-ac80-b9ddeac6546d","2024-02-14 01:13:24","free"
"8ec44f90-4d53-49ff-ac94-3ef25ac0c2e5","2024-02-14 20:50:15","free"
"24545062-f3cd-40e6-ac9f-3e5a232dba10","2024-02-25 04:42:42","enterprise"
"3fd350ca-bd14-4b2e-aca7-d4fe7d447efb","2024-01-20 06:14:52","free"
"a08581ac-1b8c-4a6b-acaa-a67a61c4884b","2024-01-15 12:01:24","free"
"ab641fb2-972f-45b9-acb3-277a491bf59c","2024-01-02 01:24:30","enterprise"
"2f942730-eee2-41d9-acde-20b09bd507aa","2024-01-08 05:18:51","payg"
"10cb4754-da1a-4f7b-ad1b-1587e29f9547","2024-01-03 12:42:20","payg"
"f4ac9d37-69cc-4526-ad28-469541e9188e","2024-01-19 19:48:04","enterprise"
"69d05939-c0d4-4e9a-ad5e-e4e2e533f5e4","2024-02-04 06:11:54","free"
"c43b812b-8cee-414a-ad73-50e9f1d47ac9","2024-02-25 13:35:33","free"
"6942e3ad-df76-49f2-ad79-2371e3e2e5aa","2024-01-26 02:03:54","enterprise"
"bf6ac512-30fb-4262-adc7-a526abd5359a","2024-01-21 19:16:52","free"
"71692d8c-9032-4529-adda-c066cc49eddb","2024-01-31 20:16:43","free"
"175a8a23-cc20-400b-ade0-0a5030cc5cc2","2024-01-20 10:38:54","enterprise"
"222ea9b7-a632-4046-adea-a543162bc993","2024-02-09 14:45:10","free"
"e35dddc9-e12d-4fed-adee-6dab5cca32cd","2024-02-15 22:21:59","free"
"be64e93a-4633-4d42-ae07-9578c5d22e0d","2024-01-16 02:01:36","free"
"15b072c8-5020-4200-ae36-b06a5ba86835","2024-01-05 01:36:12","free"
"92402112-ea42-41b9-ae54-b7d6de05357a","2024-01-17 15:56:02","enterprise"
"41abd7ee-d9e3-4081-ae9b-c3454f638070","2024-02-03 03:16:42","payg"
"1fd3ccd5-4812-4d73-aebd-299f684308a9","2024-01-08 02:36:28","enterprise"
"0e4ccb31-dc36-492b-aec2-25f1df25bba6","2024-01-25 18:23:26","enterprise"
"26eabee3-3048-4982-aeee-8bfa9d2f59d8","2024-02-12 09:29:44","enterprise"
"bc577c08-96f6-4786-aeef-46f3f8502c8d","2024-02-23 14:24:57","free"
"d0d33333-6d3e-4c97-af03-b6e19a569dc5","2024-02-08 22:08:51","enterprise"
"cf34d9d4-c642-4e06-af1c-3b53bc6ebf15","2024-01-12 03:40:34","free"
"b7158dec-f8e4-448d-af35-f49ef2484efd","2024-02-02 07:29:13","free"
"9465ad0e-f2e0-4f9f-af36-af574ce35d3d","2024-02-19 03:23:19","free"
"d6fae067-f186-4e45-af59-3c8b7db5a491","2024-01-05 17:21:49","free"
"632ff982-3f47-4771-afa1-8c3b62c30fd2","2024-01-20 05:28:39","payg"
"28524719-c5e6-44be-afa7-4abc6d010295","2024-01-21 22:41:33","free"
"6becb7e1-a214-4bb9-afb3-bb4542a87b77","2024-01-28 01:38:22","enterprise"
"8710d4d3-a8f2-4398-afcd-f9448cf8518f","2024-01-29 22:17:59","free"
"16679ec6-2eb3-4bf3-b015-9648b71f4eb9","2024-01-16 23:49:33","free"
"3b070c2a-6fb3-44ad-b01d-b4dd43e063d0","2024-01-24 07:04:42","free"
"ec3bac08-34f1-4295-b04e-1981898d1207","2024-01-22 01:13:56","free"
"7789e4a3-076d-488b-b051-8154cc82d072","2024-02-15 23:33:23","enterprise"
"c66742d2-ad89-4e03-b07c-a71a66ffa629","2024-01-06 10:48:16","free"
"d6ea32bc-62df-46c2-b07f-f2365b8e6d45","2024-01-17 03:35:52","enterprise"
"8c4145f9-9e6a-44cf-b081-d82d51ea1cfe","2024-01-12 08:39:46","enterprise"
"2deeeab4-47c5-4943-b087-722f64bbbe59","2024-01-19 01:55:56","free"
"e0ea7e4a-2898-4a7b-b095-504fbd593a07","2024-01-20 08:52:39","enterprise"
"cb6063cc-7bf9-4c04-b09b-9afff66d669a","2024-02-09 12:18:19","free"
"3c2fc216-22b0-40c2-b0c8-f2cb74f649eb","2024-01-01 03:43:07","free"
"7ad23ee8-923a-4922-b0cb-4a686d143949","2024-02-09 23:37:25","enterprise"
"a4fc7eaa-16ee-47fb-b0e4-f1a3d3dcc268","2024-02-13 12:34:22","free"
"b5647755-86ab-4258-b0e8-3b5b6b3b445e","2024-01-08 00:43:54","enterprise"
"8a951fdf-a70f-4819-b0ed-0465ae8cb304","2024-01-27 11:59:28","enterprise"
"43064fef-4b94-4f9f-b0fa-7a9d9dcd208b","2024-01-05 14:58:43","enterprise"
"6bc5a605-e83b-4b52-b104-91e4f697ebd4","2024-02-13 00:35:44","payg"
"778e8861-e5ae-42da-b109-5d8f6d018f82","2024-02-24 21:26:15","payg"
"6a28e240-f036-41b8-b10b-ebf1bcec06ea","2024-01-08 11:22:54","enterprise"
"25eb44ce-3978-462e-b118-f0649d49f76c","2024-02-04 15:38:10","payg"
"e0ed6740-ef63-4638-b121-3ac5b1beb7cc","2024-01-11 09:38:25","free"
"cb402273-3c78-4070-b123-274e1d0eff90","2024-02-19 00:21:22","free"
"62dd0637-118e-4ce6-b130-30bcb2dc0299","2024-01-08 22:53:43","free"
"53a4700e-7d3c-4854-b15a-3a25e3f2e52a","2024-01-05 12:39:53","enterprise"
"ca74ed55-7f70-452f-b1ab-54457754bb9b","2024-02-14 17:50:02","free"
"b6462b36-2ced-4743-b1ba-cfbdb1169458","2024-02-22 17:55:40","enterprise"
"33d94824-af9d-4a63-b1c6-d67b76cb216d","2024-02-17 13:19:35","enterprise"
"fd458fb0-2932-4248-b209-f7f1c72e72e9","2024-02-13 07:16:54","enterprise"
"043e3e1b-5b0f-4b5c-b22e-0fcd3575a453","2024-02-25 12:47:29","free"
"ee2f5dd5-d328-4b80-b242-26a494328fd9","2024-01-11 15:47:22","free"
"29a18f47-be06-482d-b246-038fd9afb38d","2024-02-04 16:28:57","payg"
"e3d86bc0-f7c8-4d69-b24b-fe5ab8bb43f6","2024-02-19 16:53:59","free"
"68e9591a-155e-4b65-b250-975e3307077f","2024-01-28 07:26:34","enterprise"
"2517240d-9b57-4303-b251-ce037472ea3e","2024-02-01 05:53:02","free"
"a2463913-dbd6-4726-b25c-b1e84dc9b5d2","2024-02-16 04:00:37","enterprise"
"36020b67-0664-4855-b263-5543d13c460d","2024-02-08 06:02:48","payg"
"58105ccc-fda1-4203-b264-c6f4e2af61c5","2024-01-17 17:42:00","free"
"7f2fe393-03f6-4480-b277-962786f57709","2024-02-27 16:42:47","enterprise"
"a54f3abf-fd7b-46c5-b288-3fdc7a389b75","2024-01-15 21:24:06","payg"
"c44c12e4-1b98-448b-b28e-17d98d0908ff","2024-01-08 18:25:28","free"
"4c603959-219e-4fc6-b29f-a461ce84d0d7","2024-01-16 04:09:51","payg"
"67b319d6-6f30-4e28-b2c8-429bf56e1e64","2024-01-08 13:51:53","free"
"3da89125-23b2-4561-b2e4-06281307f79e","2024-02-02 08:46:38","payg"
"0dc492cf-48bb-4f8b-b32b-3fcd30a16133","2024-01-01 13:50:52","payg"
"1eeceeb9-ab8e-4285-b356-11db3a8aa9c5","2024-01-15 13:24:29","payg"
"07ec547c-64d5-4be0-b372-2e626429d770","2024-02-25 21:35:26","free"
"207d50ae-54e3-4d8f-b384-3519f52f9ca6","2024-02-20 11:37:44","enterprise"
"9850ea1d-1474-4372-b397-46e8405f674e","2024-01-24 01:55:24","free"
"fb104d34-ec17-4229-b397-fa1a5a8a7361","2024-01-06 09:59:54","free"
"bb7c785d-b581-4160-b3a0-48ee6f1a5a8a","2024-01-28 09:54:59","payg"
"400a34e9-c43a-483e-b3ab-82fdf45dbca8","2024-01-25 21:07:55","free"
"870a398b-9c8d-457c-b3bd-b17edfbb3305","2024-02-24 09:45:00","free"
"c4272e10-e87e-4062-b3d1-35484f714f47","2024-01-12 20:28:12","free"
"2be7c80f-5044-4bec-b3e3-1557ab867b2a","2024-01-21 03:20:00","free"
"8e259917-8c5f-49b1-b3ec-d09aa19cd574","2024-02-02 20:44:45","free"
"fe942207-8cd4-4242-b3ed-5181b8e9179a","2024-01-19 01:33:54","free"
"fa91cff5-63fd-4751-b409-741e7f34ad40","2024-01-26 08:58:56","free"
"94f4e8c9-8fb8-43f9-b40a-af7637ba5ca4","2024-02-03 13:14:13","free"
"ceedd53b-edb1-466a-b42a-683737241049","2024-02-08 01:35:17","free"
"9d24cbfe-edd2-4ed7-b443-cff2ef2754ce","2024-01-05 21:59:08","payg"
"d50fb6b3-1d79-4d84-b446-1e7127b2eb71","2024-01-26 00:00:05","payg"
"e7f0f0f4-7a17-4f05-b465-93f76d1ca6e0","2024-01-14 10:28:11","free"
"842ecf9c-a6f0-4660-b46f-78c40c3b6d82","2024-02-26 07:00:42","free"
"0532aa14-8919-411f-b471-a643fa80db6a","2024-02-18 03:58:19","payg"
"5513ce09-cafd-4d08-b472-c4ac85f3fced","2024-01-16 04:42:17","enterprise"
"e774e129-ea72-4793-b490-5bef3c335880","2024-01-24 16:48:31","payg"
"7190416c-2bb9-4bf1-b49f-d17db3ce112e","2024-01-03 09:32:13","free"
"7ce0a441-598f-47c9-b4c3-f2522f36b6db","2024-02-13 01:04:27","free"
"c80945f4-926b-44da-b4e8-3cfd292f3e2a","2024-01-29 03:52:01","free"
"e4436379-99c1-40b9-b4eb-4d8fd404d279","2024-02-13 21:03:20","free"
"f7607d80-3518-4ee3-b4ee-3d3c39e72fe2","2024-02-26 17:14:59","free"
"fccddd91-ee9c-4f94-b4f3-009dd24c7fd4","2024-02-21 20:26:08","free"
"1e50b613-6ddf-4f03-b506-b73ebf10eb10","2024-02-24 15:00:06","free"
"5f62e381-69fd-4229-b50f-41dc5e46b17b","2024-02-02 08:40:50","payg"
"b933f11e-465b-40c4-b53d-f57abf0f7f23","2024-02-22 07:27:38","enterprise"
"f09ae122-235d-4559-b545-a5bbd66d4d0d","2024-01-07 00:51:14","free"
"25d6cd5b-8ee3-4164-b550-e65d56611dd5","2024-01-28 06:10:52","enterprise"
"598cf264-e7e1-4bfd-b557-4f578f88a44e","2024-01-20 16:54:52","free"
"7489638b-9c24-4b37-b574-9b4bb8ab6b90","2024-01-18 03:21:31","payg"
"e931135d-132e-442e-b583-25cc2fdaa887","2024-02-02 16:59:04","free"
"1723a7b2-6c06-4347-b58e-6d421d28478c","2024-02-27 02:57:28","free"
"1037ffad-a689-4b91-b591-9ea8e7e6122b","2024-02-26 17:18:03","free"
"f0465c78-58ca-4999-b593-af709b9dadd9","2024-01-30 00:51:24","free"
"3243d2a7-16ae-480b-b594-ade9329bcdda","2024-01-30 19:18:29","enterprise"
"6f710d36-6c82-42f7-b5a1-b06b33d45a9c","2024-02-03 08:15:08","free"
"44ca6c3e-8d8b-47f4-b5a7-993a6cbd0eba","2024-01-10 01:16:36","enterprise"
"bdec915b-4c5e-4708-b5cd-4e2ca2545d1e","2024-01-04 14:14:53","free"
"9c6bb7b1-62fc-46c7-b5d8-3e97e34aac52","2024-02-08 19:35:09","free"
"3b4585d1-6c4d-41cd-b5dd-55aa298fb6fd","2024-02-21 03:11:46","free"
"e2a05fd3-af6a-4240-b5f5-316f0965d517","2024-01-26 12:27:56","free"
"d3304f52-4955-479c-b605-4e26eb8e5d88","2024-01-16 15:19:23","free"
"7df6648b-0ccc-4eb8-b612-17af2d7b9f11","2024-01-07 05:18:32","payg"
"5cca74ae-cacb-4835-b632-cb126ae31cf0","2024-02-09 21:26:24","free"
"ba32f122-8f51-4dc6-b646-5fc2e5264ed6","2024-02-15 12:30:26","enterprise"
"82fc9b16-d414-42f0-b65b-7faa32d047e3","2024-02-13 14:25:02","free"
"ba363a84-4131-49db-b65b-c4c14b569658","2024-02-19 11:59:37","payg"
"6f8ec2fb-e5f5-44f7-b67a-77009cce062a","2024-02-04 22:48:59","free"
"30394e8c-c90e-4eaf-b6bc-0775c2130c2d","2024-01-31 18:31:39","free"
"4b61c428-9467-48a1-b6bd-46acbc877253","2024-01-02 00:14:46","payg"
"1625d271-4ff4-4695-b6df-abb972f4b559","2024-01-17 12:27:09","free"
"150d88b9-0594-4eb1-b709-4cf8e8bd1a60","2024-01-16 14:53:59","enterprise"
"3ca3b6c0-8acd-4219-b722-7eb263b224d3","2024-01-18 09:50:06","enterprise"
"6e854766-3cd2-4d50-b75b-37c02b16794c","2024-01-29 05:07:02","free"
"c37309e6-9200-4eb9-b767-142e1a93b7c8","2024-02-06 10:21:49","free"
"496b5c60-5aa1-4daf-b767-8272f537ddf7","2024-01-17 12:19:42","enterprise"
"9411b31b-3d11-4d89-b782-b85bfcacdcd7","2024-02-05 09:07:01","enterprise"
"c087cd82-13e4-4a5b-b78f-2cc0ca6aeded","2024-01-30 20:50:20","free"
"052d5eaa-e528-41d4-b797-d32cef2051b4","2024-01-19 00:39:44","enterprise"
"7f85a17c-062d-4a7a-b7ac-81d68554f982","2024-02-26 12:23:45","free"
"3bfd1c68-8a54-43ad-b7b6-03f94828d4b5","2024-01-14 23:58:58","free"
"d2130338-591c-479f-b7ce-a6e8f3632288","2024-02-16 11:58:46","free"
"52170b54-cd8b-4b96-b7f4-999f03abdab6","2024-01-08 04:28:38","free"
"7359b20b-7672-405a-b826-ab9c76db4884","2024-02-21 00:31:08","free"
"fae54cbf-2322-4981-b833-00d8ac0659ac","2024-02-08 16:45:29","free"
"8662c945-7fa9-4525-b847-704306fc814b","2024-02-02 13:01:40","free"
"711730c1-71c8-421d-b865-e1b1fabaaff9","2024-01-05 17:32:47","enterprise"
"b9c277b4-c169-4802-b866-7b512e21d40d","2024-01-08 13:47:49","free"
"a5e48685-2d98-4144-b868-5a33dcb04992","2024-01-27 18:30:43","enterprise"
"efcf7d78-5cb9-4a90-b882-ec4f801b8ad5","2024-02-14 20:27:04","free"
"e2d2c48a-edf8-4171-b883-621b2c3f144b","2024-02-27 03:24:52","enterprise"
"a3849ae9-db8b-41bf-b8b3-23ce7575ed93","2024-02-20 17:56:26","enterprise"
"afcd7e14-d620-4511-b8c6-0058ca83519e","2024-01-13 00:51:48","free"
"41fc337c-dcfe-417e-b8e6-66cd1c09fd9b","2024-02-06 12:20:55","enterprise"
"c4bf60bb-35af-48ee-b8f0-2e2b67372a46","2024-01-18 10:19:20","free"
"e95a4dc2-a828-4215-b905-062bb4a4cda4","2024-02-15 19:14:18","payg"
"9316666c-3a99-4971-b905-f4a53f437c1d","2024-01-30 10:22:32","free"
"afbc4d38-5a23-494e-b90a-8b62e3af803e","2024-01-23 19:13:52","enterprise"
"a05506e6-09f6-4ab8-b92a-f17ac5e34345","2024-01-18 18:32:17","free"
"4944c121-1955-45a3-b92c-1c0191087373","2024-01-29 07:42:12","free"
"55ebf4c8-5200-4a61-b946-c5b4a08979f2","2024-02-18 06:57:43","enterprise"
"20867a18-1e8e-422c-b94d-65127d335501","2024-02-16 18:28:59","payg"
"70283f43-9f6e-4244-b952-3773258da3fd","2024-01-24 20:44:47","payg"
"2ba0d41b-a80d-4d53-b956-c82e16a03268","2024-02-07 17:55:32","payg"
"2a210216-5fb9-4eb9-b98b-ed5a5dfc2787","2024-02-11 12:28:56","enterprise"
"f6c88f3b-cda5-4bd5-b991-48fa6d559393","2024-01-19 04:05:41","free"
"1c9b64c4-1c14-4554-b9cb-a31969e308fa","2024-01-28 21:08:04","payg"
"18f196d0-fb6f-4f22-b9ce-902de928b238","2024-02-21 19:21:03","enterprise"
"2d2159e8-53e4-41d2-b9d2-e1908cfd0185","2024-01-25 22:42:17","free"
"cb212346-63fc-4883-b9d8-0f7aa95e541d","2024-02-05 18:49:12","enterprise"
"293f034e-10b4-490e-ba20-623ec2a58364","2024-02-24 08:02:47","enterprise"
"18071160-561a-4319-ba29-1497951c5270","2024-01-18 06:11:43","enterprise"
"fa8e32e4-67dc-4897-ba3b-8ec201c6d9a4","2024-01-31 17:06:13","payg"
"bd13c6c9-3132-40fd-ba45-adb3cfadec96","2024-01-25 03:03:31","free"
"fc1fa5e3-e771-4469-ba4f-e2cb874dbd8d","2024-01-23 20:24:01","enterprise"
"cd987a33-3f1e-48fc-ba59-9f5fba6b70a9","2024-01-19 04:42:42","free"
"096f0871-3f1d-4e7f-ba6c-119eb838ba11","2024-01-15 17:36:30","enterprise"
"af69b592-738a-4959-ba83-4898cc8fe48e","2024-01-23 12:25:47","free"
"b82f2b3d-eb0d-4068-ba89-e132928a0efd","2024-01-21 18:55:15","enterprise"
"4e29fd9b-1b1a-4bfc-baa7-b0b96a171dc1","2024-01-10 18:33:49","enterprise"
"7ace29c1-5e77-46c5-bab2-12f5fe2a43e8","2024-02-15 13:59:56","enterprise"
"0daa7e89-74f5-4c83-bab4-060a0c56a148","2024-01-11 22:16:30","free"
"f359fd89-f635-4262-babc-f67016c50804","2024-01-06 11:48:44","payg"
"a9edb82c-9e3a-4e0c-bad0-7969799313d3","2024-01-28 05:38:28","enterprise"
"159f3871-1361-4b79-badd-3f1b155ed490","2024-02-17 09:00:34","free"
"2e7fc5c5-4305-40ed-badf-198ea2b10d7f","2024-01-11 09:17:27","free"
"7ed9c0e7-ee18-4cd4-bae4-373006bec7a5","2024-01-14 20:19:14","enterprise"
"b1d324c1-6811-4578-bae9-a7405ae9d897","2024-02-17 08:09:36","payg"
"65aea723-916c-4672-baf8-a68b97913e59","2024-01-25 20:00:53","payg"
"e71dc02a-b852-4732-bb0e-af8a3a75eb33","2024-01-16 15:56:00","payg"
"4f069544-3b97-406f-bb58-df14052392f0","2024-01-14 11:49:14","free"
"f509e920-9a58-4760-bb60-4a2b38d65755","2024-01-26 12:43:00","free"
"943cbd08-3316-4bdb-bb7c-e3aef2b3670a","2024-01-07 14:05:07","payg"
"8c0ca396-647d-419a-bb9d-9739f46c267c","2024-01-28 21:39:43","payg"
"ec5f1c2b-1eaf-452a-bb9e-e57df2924793","2024-02-02 08:19:38","enterprise"
"7c18cd0a-129b-40da-bbae-b1a6973e00f7","2024-01-25 12:24:21","free"
"580997fa-e396-4363-bbd1-d4c9695aff6e","2024-01-29 10:01:08","free"
"3bf47fc8-4c87-4250-bbd3-eeb3341f91b6","2024-01-01 17:23:40","free"
"715d5e24-63cf-478b-bbd8-f1eb76361fb5","2024-01-03 05:31:33","enterprise"
"cd3661de-291c-495f-bbe3-0ccc50300a30","2024-01-31 09:56:28","free"
"76c7e749-c330-44f6-bbeb-634beb33b560","2024-02-01 18:44:04","free"
"f1f45bcd-7dc3-4c5c-bbf1-1a3ac6314338","2024-01-15 19:15:25","free"
"b75385ca-4315-41e9-bbf8-591f335fef4a","2024-02-12 15:29:48","enterprise"
"52d163d7-7b79-447d-bc0d-1814db835007","2024-02-15 05:07:27","enterprise"
"50dbe278-1730-4ef4-bc16-b7f52a952c70","2024-02-21 00:43:51","free"
"35f87701-8b90-4123-bc19-298432d2b344","2024-02-13 16:12:52","enterprise"
"3732d9f2-a6d8-4b5d-bc1d-96159f1da100","2024-02-24 08:44:00","payg"
"485eec15-1e89-446d-bc2a-93519cecba7e","2024-01-05 04:50:28","free"
"17005858-08ce-44c4-bc3a-10604cbd7e69","2024-02-15 15:21:13","enterprise"
"cb70bac0-240d-4a71-bc56-5a85fb07a3b8","2024-02-02 06:31:55","enterprise"
"23b239bb-4308-4406-bc60-f0ef0756e9aa","2024-02-24 12:23:40","free"
"79340bb5-a8e2-4b2b-bc64-60fbd63ca421","2024-02-17 08:28:47","enterprise"
"68e61571-702c-4cb0-bc6a-3f3393ad32ce","2024-01-07 14:09:16","free"
"1367f7a9-c3da-4ec6-bc89-7f1d02c0a263","2024-01-20 03:50:13","enterprise"
"7bdfdf75-74e4-471a-bca1-84892333d0e8","2024-01-23 15:29:14","payg"
"62f27b83-34fd-458d-bcb0-f67888985270","2024-01-02 06:49:07","free"
"6345d42d-608f-47ac-bcb8-7c6e68957876","2024-01-23 07:03:00","enterprise"
"2cd9ed10-66cf-46cd-bcc7-03d3850a38af","2024-02-09 07:57:39","enterprise"
"c43574f0-298b-40cf-bcce-f567ffc27770","2024-01-28 09:24:40","payg"
"1fb61d9e-3e44-4f6a-bcd7-96716352aff8","2024-02-22 05:18:02","free"
"19907a50-41cb-491a-bce1-1a681dde88bd","2024-01-14 03:57:21","free"
"3d823057-c324-448d-bce9-47e120c11928","2024-02-06 19:48:48","free"
"d33bece6-d86c-4c22-bced-f87b7b8b7c82","2024-01-06 01:01:00","enterprise"
"96b0d949-a17d-459e-bcfd-0fcca5231ef2","2024-01-19 14:44:15","payg"
"beba03b1-c6b1-42cc-bd11-7fe135f63adb","2024-01-10 08:11:03","payg"
"83b8c5f6-b61a-49f7-bd1d-ac20b69b0c4f","2024-02-09 12:05:40","free"
"ed2d3ffc-e4c5-4600-bd38-7b4c74cc3af7","2024-02-20 03:27:33","free"
"a06cbaae-882d-4acc-bd3a-fa19f64adc6a","2024-02-03 15:26:47","enterprise"
"f5495840-baea-4602-bd43-eb0302821fb8","2024-01-23 02:20:39","enterprise"
"c77940d7-d390-4697-bd52-08a2612a184a","2024-02-10 14:18:45","enterprise"
"7a97e13f-e930-4559-bd63-8347bbfca7e4","2024-02-10 19:47:31","free"
"9feb65cb-2d88-4fc8-bd9c-b2abfb0a32dd","2024-01-05 13:59:40","enterprise"
"ef3d664e-6448-4768-bd9e-10c9e6de3589","2024-01-13 15:23:48","enterprise"
"a1b3cbbf-83b1-4d35-bdaf-5d1ff63e6623","2024-02-03 12:55:57","free"
"17ad8a85-9965-4149-bdb5-79b45196bca5","2024-01-03 01:37:40","enterprise"
"9f53dce1-6314-4374-bdcf-9bee3e164f06","2024-01-29 05:35:39","free"
"28a61716-3acb-4726-bdf1-a057d0d9740d","2024-01-21 04:21:29","enterprise"
"827da7cb-6f8a-4f28-bdf8-49fe558f57b8","2024-01-15 13:35:44","enterprise"
"4522faa2-817e-42f4-be15-9ece7594bef5","2024-02-15 03:34:28","enterprise"
"bab6b63b-cf62-476c-be1c-41acb1ef9eea","2024-02-03 06:10:24","free"
"038b8097-9645-4ab7-be50-37748aef51d8","2024-01-29 11:18:47","free"
"d7fe00c3-bd51-40fa-be63-f79bcc0bd2d8","2024-02-28 14:26:40","free"
"a105f48e-c969-4868-be65-1adb5d282b39","2024-01-25 08:36:24","free"
"b7f952b4-60e6-4241-be65-b5acd3a732db","2024-02-23 06:26:18","payg"
"9575b053-0ae6-4095-be6f-53bc22a95e14","2024-01-09 02:26:26","enterprise"
"c1612ccd-d509-46c0-be8b-40dffa24145a","2024-02-11 18:21:43","free"
"013ac0d1-5fa8-44ca-be8b-89dbf62d72a0","2024-02-08 15:52:03","free"
"3c788b59-6840-44e5-bea5-4f6ac3176e68","2024-02-24 08:22:15","free"
"d10ae879-b27e-4405-beb0-b65d91e28fca","2024-01-26 22:54:30","free"
"117d2902-9d4b-4271-bebd-995c618afe20","2024-02-02 07:59:40","enterprise"
"0a2bd46d-b78d-4250-bec3-bc90db086163","2024-02-06 17:27:38","enterprise"
"0e07564c-ac36-42ae-bec9-00a91532de3e","2024-02-11 00:05:34","enterprise"
"2eb04314-58a3-4254-beed-97dbed51eac1","2024-01-23 16:26:39","free"
"0fe7c448-a381-4afa-bef5-5f49fb74ba22","2024-01-09 11:27:42","free"
"68b475f1-f0b3-40e6-bf02-0c1aae6bb5be","2024-01-01 17:01:18","free"
"2ecbc02b-d91d-4c4f-bf16-0c1e5ee3fddc","2024-01-16 07:15:25","free"
"34bb10c4-7147-4d08-bf1d-d8fb07a0dbb6","2024-02-25 16:16:52","free"
"7caa02a6-c7d3-4114-bf31-7023c7a54203","2024-01-29 08:04:10","enterprise"
"2ca64c35-4003-42ac-bf38-31127a57fa2e","2024-01-10 02:18:49","free"
"67756fcf-0aff-4d3f-bf3c-f532478f4cf0","2024-01-05 15:28:37","free"
"272c0d1e-efbb-4679-bf4a-2b74ae889c8c","2024-02-28 13:12:12","free"
"32ce548d-dc85-4a2c-bf66-9564da487758","2024-01-31 20:51:36","payg"
"89f6b03f-3201-454d-bf7f-a13aa9dcc143","2024-02-01 01:46:20","enterprise"
"75c81b6a-1a14-4ac1-bf80-4f24e684d69f","2024-01-01 20:29:33","payg"
"12d3672c-fef4-4f3a-bf85-1d91bea47d59","2024-02-19 18:02:40","free"
"76d6816b-83f5-43b8-bf9f-b3ea2113866b","2024-02-07 20:06:14","enterprise"
"3cc9a97b-ae24-4930-bfa1-0b9463f3ef35","2024-01-24 20:09:05","free"
"f370d6e8-89c4-4e5d-bfa8-96ebcd0c90bf","2024-01-05 02:04:25","free"
"91b692fc-177f-420a-bfad-dc0d7790f720","2024-02-02 00:29:34","free"
"e96e059d-7ad9-4d53-bfb8-7f3fc96e3496","2024-01-20 18:52:33","enterprise"
"51cc09e8-4ee4-4bc8-bfbc-b4d7edcde489","2024-01-05 06:57:17","payg"
"51f28b12-a331-4278-bfc3-8d3a67eac740","2024-02-03 01:15:19","enterprise"
"4a3dc9b2-4a73-4768-bfce-5922ff97ea4b","2024-01-05 20:38:57","enterprise"
"41cdaa1e-4b5a-4c9c-bfe2-74a9243ea480","2024-02-16 07:51:25","free"
"0dd4c9ad-97ec-4cca-bff7-e8358598e9e1","2024-01-18 08:17:26","enterprise"
